descriptor,model,group,fold_idx,n_train,n_test,r2_fold,mae_fold,rmse_fold,best_score_inner,best_params_inner
dg_ch3,DecisionTree,C1,1,6048,841,0.9062915721414945,0.26207671420898326,0.32022122476560694,0.9247907581754031,"{""model__max_depth"": null, ""model__min_samples_leaf"": 5}"
dg_ch3,DecisionTree,C12,2,6210,679,0.9737529147090755,0.16785048061335067,0.2370579796537361,0.9121124623537835,"{""model__max_depth"": 20, ""model__min_samples_leaf"": 2}"
dg_ch3,DecisionTree,C13,3,6483,406,0.959079407345444,0.19702227820943166,0.2812570185287622,0.9085616490373314,"{""model__max_depth"": null, ""model__min_samples_leaf"": 2}"
dg_ch3,DecisionTree,C14,4,6471,418,0.8820646255824938,0.297704376334198,0.3734669922509827,0.923141352348129,"{""model__max_depth"": null, ""model__min_samples_leaf"": 2}"
dg_ch3,DecisionTree,C17,5,6082,807,0.9845530420326029,0.0953348937704655,0.12587129697414082,0.9093739260815878,"{""model__max_depth"": 20, ""model__min_samples_leaf"": 2}"
dg_ch3,DecisionTree,C18,6,6285,604,0.9721382687336679,0.19256634054792365,0.2559780663113292,0.9177453218116398,"{""model__max_depth"": null, ""model__min_samples_leaf"": 5}"
dg_ch3,DecisionTree,C19,7,6206,683,0.952790453814616,0.2075893897418746,0.28940410352862994,0.9177358725689766,"{""model__max_depth"": null, ""model__min_samples_leaf"": 2}"
dg_ch3,DecisionTree,C2,8,6147,742,0.9837540620624262,0.1010755727005359,0.1315571162369241,0.91451404700661,"{""model__max_depth"": null, ""model__min_samples_leaf"": 5}"
dg_ch3,DecisionTree,C3,9,5729,1160,0.9071525818385113,0.21045774978952853,0.2724925141688077,0.9120681854504751,"{""model__max_depth"": null, ""model__min_samples_leaf"": 5}"
dg_ch3,DecisionTree,C4,10,6340,549,0.5626308423104454,0.5891113553595195,0.668953653915351,0.9464036111078657,"{""model__max_depth"": null, ""model__min_samples_leaf"": 5}"
nbo_boltz,DecisionTree,C1,1,6048,841,0.9215605365577018,0.24018009835564733,0.2929733354656046,0.9282376555948852,"{""model__max_depth"": null, ""model__min_samples_leaf"": 5}"
nbo_boltz,DecisionTree,C12,2,6210,679,0.9703049803132023,0.18610261641695033,0.25214818493781327,0.9178750644119784,"{""model__max_depth"": null, ""model__min_samples_leaf"": 2}"
nbo_boltz,DecisionTree,C13,3,6483,406,0.9608641147790626,0.18928105712767526,0.27505528372777716,0.9212083748866503,"{""model__max_depth"": 20, ""model__min_samples_leaf"": 2}"
nbo_boltz,DecisionTree,C14,4,6471,418,0.93316886830884,0.2235757575404385,0.28113802309461816,0.9237763450684817,"{""model__max_depth"": 20, ""model__min_samples_leaf"": 2}"
nbo_boltz,DecisionTree,C17,5,6082,807,0.9806043399794809,0.1070524741132982,0.14104493864378195,0.8340572868470746,"{""model__max_depth"": null, ""model__min_samples_leaf"": 5}"
nbo_boltz,DecisionTree,C18,6,6285,604,0.9807716972790654,0.16181670139576199,0.21265185717303484,0.9178717710754452,"{""model__max_depth"": 20, ""model__min_samples_leaf"": 2}"
nbo_boltz,DecisionTree,C19,7,6206,683,0.9670721489983792,0.16762438379423814,0.24169711466063062,0.9187188060994445,"{""model__max_depth"": null, ""model__min_samples_leaf"": 2}"
nbo_boltz,DecisionTree,C2,8,6147,742,0.9873460172138241,0.08930929659494534,0.11610624235189862,0.914354463507291,"{""model__max_depth"": 20, ""model__min_samples_leaf"": 2}"
nbo_boltz,DecisionTree,C3,9,5729,1160,0.9165806768297582,0.19672839819077498,0.25828726350569603,0.9194680586589857,"{""model__max_depth"": null, ""model__min_samples_leaf"": 5}"
nbo_boltz,DecisionTree,C4,10,6340,549,0.5879037253532677,0.5673997152089896,0.6493387151990238,0.9504099323468862,"{""model__max_depth"": 20, ""model__min_samples_leaf"": 2}"
dg_ch3,ExtraTrees,C1,1,6048,841,0.9209301488252308,0.24547952807217951,0.2941482365165768,0.9444438528009368,"{""model__max_depth"": null, ""model__min_samples_leaf"": 5, ""model__n_estimators"": 600}"
dg_ch3,ExtraTrees,C12,2,6210,679,0.9885655670370955,0.1208945849264255,0.15646649492646078,0.929133194951055,"{""model__max_depth"": 20, ""model__min_samples_leaf"": 2, ""model__n_estimators"": 300}"
dg_ch3,ExtraTrees,C13,3,6483,406,0.9789650734063499,0.13834874095709013,0.20165217545206898,0.9258065600085136,"{""model__max_depth"": 20, ""model__min_samples_leaf"": 5, ""model__n_estimators"": 300}"
dg_ch3,ExtraTrees,C14,4,6471,418,0.9301546895623669,0.23728530690967378,0.2874079684981229,0.935802868965777,"{""model__max_depth"": 20, ""model__min_samples_leaf"": 5, ""model__n_estimators"": 300}"
dg_ch3,ExtraTrees,C17,5,6082,807,0.9817033043422596,0.10573252574225596,0.13699084889384153,0.9374551884659237,"{""model__max_depth"": 20, ""model__min_samples_leaf"": 2, ""model__n_estimators"": 600}"
dg_ch3,ExtraTrees,C18,6,6285,604,0.9795822347129731,0.16152919187162676,0.2191304890852041,0.933652551696116,"{""model__max_depth"": null, ""model__min_samples_leaf"": 2, ""model__n_estimators"": 600}"
dg_ch3,ExtraTrees,C19,7,6206,683,0.9758831065983218,0.149564341912934,0.20684758456179225,0.9316137414953645,"{""model__max_depth"": 20, ""model__min_samples_leaf"": 2, ""model__n_estimators"": 600}"
dg_ch3,ExtraTrees,C2,8,6147,742,0.9820048795397833,0.10578483367066478,0.13845840656283773,0.9380695151372302,"{""model__max_depth"": 20, ""model__min_samples_leaf"": 2, ""model__n_estimators"": 300}"
dg_ch3,ExtraTrees,C3,9,5729,1160,0.9475872290753848,0.14914512767299207,0.20473317441974165,0.9285364138182844,"{""model__max_depth"": null, ""model__min_samples_leaf"": 5, ""model__n_estimators"": 600}"
dg_ch3,ExtraTrees,C4,10,6340,549,0.5666894492237271,0.5830427363180409,0.6658426116300095,0.9603648971570523,"{""model__max_depth"": null, ""model__min_samples_leaf"": 2, ""model__n_estimators"": 300}"
nbo_boltz,ExtraTrees,C1,1,6048,841,0.8449318818018897,0.36657490957796335,0.4119286956161292,0.9323926587824845,"{""model__max_depth"": 20, ""model__min_samples_leaf"": 1, ""model__n_estimators"": 300}"
nbo_boltz,ExtraTrees,C12,2,6210,679,0.9903195190564023,0.11047102236349443,0.14396685077038174,0.9073729001234916,"{""model__max_depth"": null, ""model__min_samples_leaf"": 2, ""model__n_estimators"": 300}"
nbo_boltz,ExtraTrees,C13,3,6483,406,0.9753090182639399,0.1513556905380145,0.2184749206675271,0.9112480796605125,"{""model__max_depth"": 20, ""model__min_samples_leaf"": 2, ""model__n_estimators"": 600}"
nbo_boltz,ExtraTrees,C14,4,6471,418,0.8600560955392929,0.3324674906835515,0.4068245683187013,0.9203437457332615,"{""model__max_depth"": null, ""model__min_samples_leaf"": 2, ""model__n_estimators"": 600}"
nbo_boltz,ExtraTrees,C17,5,6082,807,0.9817861444676917,0.10278782561513473,0.13668037716535536,0.9043710607385782,"{""model__max_depth"": 10, ""model__min_samples_leaf"": 2, ""model__n_estimators"": 300}"
nbo_boltz,ExtraTrees,C18,6,6285,604,0.9845678937640009,0.1454078763700613,0.1905071617143271,0.9075744795083382,"{""model__max_depth"": null, ""model__min_samples_leaf"": 1, ""model__n_estimators"": 300}"
nbo_boltz,ExtraTrees,C19,7,6206,683,0.9727999197745208,0.1522895111096442,0.21967208111336498,0.9076802034817023,"{""model__max_depth"": 20, ""model__min_samples_leaf"": 1, ""model__n_estimators"": 600}"
nbo_boltz,ExtraTrees,C2,8,6147,742,0.988643947160574,0.08993113749060018,0.1099906206012338,0.9090660782335632,"{""model__max_depth"": 10, ""model__min_samples_leaf"": 2, ""model__n_estimators"": 300}"
nbo_boltz,ExtraTrees,C3,9,5729,1160,0.8910197258350838,0.2457695316622325,0.2952185264696365,0.9134739990732206,"{""model__max_depth"": 20, ""model__min_samples_leaf"": 1, ""model__n_estimators"": 300}"
nbo_boltz,ExtraTrees,C4,10,6340,549,0.5969761123962303,0.5618284474019027,0.6421512718862086,0.9511210243496327,"{""model__max_depth"": null, ""model__min_samples_leaf"": 1, ""model__n_estimators"": 600}"
dg_ch3,GradientBoosting,C1,1,6048,841,0.9107659315656952,0.27111829480064,0.312482812936192,0.9393130657368436,"{""model__learning_rate"": 0.1, ""model__max_depth"": 3, ""model__n_estimators"": 500}"
dg_ch3,GradientBoosting,C12,2,6210,679,0.9701942669751062,0.1937308070689977,0.25261779559386527,0.9236952446323287,"{""model__learning_rate"": 0.05, ""model__max_depth"": 3, ""model__n_estimators"": 500}"
dg_ch3,GradientBoosting,C13,3,6483,406,0.9538113634243981,0.22212033775668555,0.29881334044408253,0.9218908095352731,"{""model__learning_rate"": 0.05, ""model__max_depth"": 3, ""model__n_estimators"": 500}"
dg_ch3,GradientBoosting,C14,4,6471,418,0.9200921114983843,0.2555320352573103,0.30741496588379125,0.9262762067489712,"{""model__learning_rate"": 0.1, ""model__max_depth"": 3, ""model__n_estimators"": 500}"
dg_ch3,GradientBoosting,C17,5,6082,807,0.9712385404613376,0.13678345876956322,0.17175551277239975,0.9258912287894304,"{""model__learning_rate"": 0.1, ""model__max_depth"": 3, ""model__n_estimators"": 200}"
dg_ch3,GradientBoosting,C18,6,6285,604,0.9709372671509245,0.2048477574476579,0.26143692660641193,0.9283143381062959,"{""model__learning_rate"": 0.05, ""model__max_depth"": 3, ""model__n_estimators"": 500}"
dg_ch3,GradientBoosting,C19,7,6206,683,0.9807935161402458,0.1449821528043161,0.18459235256340784,0.9259985942047037,"{""model__learning_rate"": 0.05, ""model__max_depth"": 3, ""model__n_estimators"": 500}"
dg_ch3,GradientBoosting,C2,8,6147,742,0.9814096157400719,0.11450690726210913,0.1407298204248649,0.9309426364160505,"{""model__learning_rate"": 0.05, ""model__max_depth"": 3, ""model__n_estimators"": 500}"
dg_ch3,GradientBoosting,C3,9,5729,1160,0.9293678853101173,0.1838850638052985,0.23766802904547124,0.9274334043253785,"{""model__learning_rate"": 0.1, ""model__max_depth"": 3, ""model__n_estimators"": 500}"
dg_ch3,GradientBoosting,C4,10,6340,549,0.6154145206619779,0.5506200102841559,0.627290043640884,0.9510659423035441,"{""model__learning_rate"": 0.1, ""model__max_depth"": 3, ""model__n_estimators"": 500}"
nbo_boltz,GradientBoosting,C1,1,6048,841,0.9411007880191157,0.21637646648780454,0.25387242447227226,0.9423308657439442,"{""model__learning_rate"": 0.1, ""model__max_depth"": 3, ""model__n_estimators"": 500}"
nbo_boltz,GradientBoosting,C12,2,6210,679,0.9716855597511599,0.18626041492413345,0.24621699565295915,0.9330873571217815,"{""model__learning_rate"": 0.1, ""model__max_depth"": 3, ""model__n_estimators"": 500}"
nbo_boltz,GradientBoosting,C13,3,6483,406,0.9614278841456737,0.2037432040446184,0.27306695184675,0.9316244880193153,"{""model__learning_rate"": 0.1, ""model__max_depth"": 3, ""model__n_estimators"": 500}"
nbo_boltz,GradientBoosting,C14,4,6471,418,0.9355263404790446,0.21835450798892178,0.27613492554619146,0.9319398442168036,"{""model__learning_rate"": 0.1, ""model__max_depth"": 3, ""model__n_estimators"": 500}"
nbo_boltz,GradientBoosting,C17,5,6082,807,0.9586542964110403,0.1595713082341811,0.2059303787175583,0.8657994201009938,"{""model__learning_rate"": 0.05, ""model__max_depth"": 3, ""model__n_estimators"": 200}"
nbo_boltz,GradientBoosting,C18,6,6285,604,0.9741886156854022,0.19476720703063224,0.24637937723172715,0.9352803798735815,"{""model__learning_rate"": 0.1, ""model__max_depth"": 3, ""model__n_estimators"": 500}"
nbo_boltz,GradientBoosting,C19,7,6206,683,0.9825455454989928,0.13608999105191696,0.17597173345744324,0.9342090216146287,"{""model__learning_rate"": 0.05, ""model__max_depth"": 3, ""model__n_estimators"": 500}"
nbo_boltz,GradientBoosting,C2,8,6147,742,0.98245814311787,0.11293760029143393,0.13670353084579803,0.9358012218047953,"{""model__learning_rate"": 0.05, ""model__max_depth"": 3, ""model__n_estimators"": 500}"
nbo_boltz,GradientBoosting,C3,9,5729,1160,0.9444326999116598,0.16155986249070506,0.2108042236008336,0.9370949126484682,"{""model__learning_rate"": 0.1, ""model__max_depth"": 3, ""model__n_estimators"": 500}"
nbo_boltz,GradientBoosting,C4,10,6340,549,0.6192289621526592,0.5503935178126551,0.6241714601961422,0.9560845969456381,"{""model__learning_rate"": 0.05, ""model__max_depth"": 3, ""model__n_estimators"": 500}"
dg_ch3,HistGradientBoosting,C1,1,6048,841,0.9193227822816795,0.243763359361264,0.2971229816466875,0.9457261280322353,"{""model__learning_rate"": 0.05, ""model__max_depth"": 12, ""model__max_leaf_nodes"": 31}"
dg_ch3,HistGradientBoosting,C12,2,6210,679,0.9848882187254424,0.13903988421896998,0.17987543906878128,0.9250983711430989,"{""model__learning_rate"": 0.05, ""model__max_depth"": 6, ""model__max_leaf_nodes"": 31}"
dg_ch3,HistGradientBoosting,C13,3,6483,406,0.9671955242956806,0.18032668637944768,0.25182506906908664,0.9267929953857591,"{""model__learning_rate"": 0.05, ""model__max_depth"": 6, ""model__max_leaf_nodes"": 63}"
dg_ch3,HistGradientBoosting,C14,4,6471,418,0.922701882914923,0.2498435497282616,0.30235324670096525,0.9343221884938684,"{""model__learning_rate"": 0.1, ""model__max_depth"": 6, ""model__max_leaf_nodes"": 31}"
dg_ch3,HistGradientBoosting,C17,5,6082,807,0.9837312527054167,0.09707225331234204,0.12917613358857352,0.9328053681955515,"{""model__learning_rate"": 0.1, ""model__max_depth"": 12, ""model__max_leaf_nodes"": 31}"
dg_ch3,HistGradientBoosting,C18,6,6285,604,0.9743456191953608,0.1893800856490652,0.2456289054680467,0.9332697239537072,"{""model__learning_rate"": 0.1, ""model__max_depth"": 6, ""model__max_leaf_nodes"": 31}"
dg_ch3,HistGradientBoosting,C19,7,6206,683,0.9786808229449889,0.15173277318363015,0.19448001984652183,0.9284711129334571,"{""model__learning_rate"": 0.05, ""model__max_depth"": 6, ""model__max_leaf_nodes"": 31}"
dg_ch3,HistGradientBoosting,C2,8,6147,742,0.9889521017950912,0.08671296678182785,0.1084880197879324,0.9371057316812467,"{""model__learning_rate"": 0.1, ""model__max_depth"": 12, ""model__max_leaf_nodes"": 31}"
dg_ch3,HistGradientBoosting,C3,9,5729,1160,0.9277552991256955,0.1917035564002904,0.24036579103730585,0.9310636581745892,"{""model__learning_rate"": 0.2, ""model__max_depth"": 12, ""model__max_leaf_nodes"": 31}"
dg_ch3,HistGradientBoosting,C4,10,6340,549,0.5978113543877412,0.5796553054284131,0.6414855174471791,0.9565053823974434,"{""model__learning_rate"": 0.05, ""model__max_depth"": 6, ""model__max_leaf_nodes"": 31}"
nbo_boltz,HistGradientBoosting,C1,1,6048,841,0.935848948494328,0.21959428860454389,0.26494923995759073,0.9491793206650098,"{""model__learning_rate"": 0.1, ""model__max_depth"": 6, ""model__max_leaf_nodes"": 31}"
nbo_boltz,HistGradientBoosting,C12,2,6210,679,0.9805074942332772,0.16043938003703978,0.2042903597467241,0.9302725681778486,"{""model__learning_rate"": 0.1, ""model__max_depth"": 6, ""model__max_leaf_nodes"": 31}"
nbo_boltz,HistGradientBoosting,C13,3,6483,406,0.9666485769630088,0.19504639497174334,0.2539157239463479,0.9336038121883721,"{""model__learning_rate"": 0.2, ""model__max_depth"": 6, ""model__max_leaf_nodes"": 31}"
nbo_boltz,HistGradientBoosting,C14,4,6471,418,0.9450674339417412,0.20399949973688378,0.25488549552753037,0.937156686257848,"{""model__learning_rate"": 0.2, ""model__max_depth"": 6, ""model__max_leaf_nodes"": 31}"
nbo_boltz,HistGradientBoosting,C17,5,6082,807,0.9847066623991381,0.09406326026185645,0.12524383651893473,0.872233397609234,"{""model__learning_rate"": 0.2, ""model__max_depth"": 6, ""model__max_leaf_nodes"": 31}"
nbo_boltz,HistGradientBoosting,C18,6,6285,604,0.9767307145314951,0.1863999579480463,0.23393232021268892,0.9348784150096148,"{""model__learning_rate"": 0.1, ""model__max_depth"": 6, ""model__max_leaf_nodes"": 31}"
nbo_boltz,HistGradientBoosting,C19,7,6206,683,0.9721843196606836,0.17033088451978096,0.222144014152992,0.9320465872913541,"{""model__learning_rate"": 0.1, ""model__max_depth"": 6, ""model__max_leaf_nodes"": 63}"
nbo_boltz,HistGradientBoosting,C2,8,6147,742,0.988744527445206,0.08815614136385651,0.10950244512774801,0.9383647016886917,"{""model__learning_rate"": 0.1, ""model__max_depth"": null, ""model__max_leaf_nodes"": 31}"
nbo_boltz,HistGradientBoosting,C3,9,5729,1160,0.945076301351489,0.16092110370056112,0.20957986098190978,0.9376605418083901,"{""model__learning_rate"": 0.1, ""model__max_depth"": 6, ""model__max_leaf_nodes"": 63}"
nbo_boltz,HistGradientBoosting,C4,10,6340,549,0.6142651553915988,0.5617431915993283,0.6282266982362388,0.9637860233334405,"{""model__learning_rate"": 0.1, ""model__max_depth"": 12, ""model__max_leaf_nodes"": 31}"
dg_ch3,KernelRidge_RBF,C1,1,6048,841,0.9523665276898782,0.17889385882839504,0.2283057812182938,0.9064549960735135,"{""model__alpha"": 0.1, ""model__gamma"": 0.1}"
dg_ch3,KernelRidge_RBF,C12,2,6210,679,0.9593171985586646,0.2391839841499186,0.2951341488978838,0.9206528435845811,"{""model__alpha"": 0.1, ""model__gamma"": 0.1}"
dg_ch3,KernelRidge_RBF,C13,3,6483,406,0.9529590912117493,0.24018912219533808,0.30155758932686527,0.9269409396135775,"{""model__alpha"": 0.1, ""model__gamma"": 0.1}"
dg_ch3,KernelRidge_RBF,C14,4,6471,418,0.6354931415585972,0.5730544588253971,0.6565730176322776,0.9431124198049539,"{""model__alpha"": 0.1, ""model__gamma"": 0.1}"
dg_ch3,KernelRidge_RBF,C17,5,6082,807,0.9585362032681108,0.1550590323288235,0.20622426203684882,0.9283391426365781,"{""model__alpha"": 0.1, ""model__gamma"": 0.1}"
dg_ch3,KernelRidge_RBF,C18,6,6285,604,0.9548265521166641,0.2539672172423938,0.3259419986588665,0.9289654416957456,"{""model__alpha"": 0.1, ""model__gamma"": 0.1}"
dg_ch3,KernelRidge_RBF,C19,7,6206,683,0.9674858890887242,0.18871397470732354,0.2401738463980971,0.9103169435999922,"{""model__alpha"": 0.1, ""model__gamma"": 0.1}"
dg_ch3,KernelRidge_RBF,C2,8,6147,742,0.9689656672933756,0.15205517797020662,0.18182900241512195,0.9276113197621235,"{""model__alpha"": 0.1, ""model__gamma"": 0.1}"
dg_ch3,KernelRidge_RBF,C3,9,5729,1160,0.9326176836740534,0.16720468216084608,0.23213607028313402,0.9190791592990928,"{""model__alpha"": 0.1, ""model__gamma"": 0.1}"
dg_ch3,KernelRidge_RBF,C4,10,6340,549,0.4410230380271408,0.6607033675261282,0.7562561293921249,0.9232868465493169,"{""model__alpha"": 0.1, ""model__gamma"": 0.01}"
nbo_boltz,KernelRidge_RBF,C1,1,6048,841,0.8904301065960596,0.28616220407756504,0.34626325554981424,0.9231203709951407,"{""model__alpha"": 0.1, ""model__gamma"": 0.1}"
nbo_boltz,KernelRidge_RBF,C12,2,6210,679,0.9722055355841676,0.2023906144502306,0.24394571413940155,0.9160865030762807,"{""model__alpha"": 0.1, ""model__gamma"": 0.1}"
nbo_boltz,KernelRidge_RBF,C13,3,6483,406,0.9646845155376957,0.20460964738971002,0.2612853111398898,0.9203085503966154,"{""model__alpha"": 0.1, ""model__gamma"": 0.1}"
nbo_boltz,KernelRidge_RBF,C14,4,6471,418,0.8636005209563167,0.3065315939427565,0.40163960821168604,0.9261556485714916,"{""model__alpha"": 0.1, ""model__gamma"": 0.1}"
nbo_boltz,KernelRidge_RBF,C17,5,6082,807,0.967417539753022,0.1446770522798978,0.18280882692315764,0.914695758646808,"{""model__alpha"": 0.1, ""model__gamma"": 0.1}"
nbo_boltz,KernelRidge_RBF,C18,6,6285,604,0.9609999532212667,0.23097096669917513,0.3028525735295759,0.9200020628742044,"{""model__alpha"": 0.1, ""model__gamma"": 0.1}"
nbo_boltz,KernelRidge_RBF,C19,7,6206,683,0.9728623003849188,0.1721638090704054,0.21942003876305133,0.9176746907319459,"{""model__alpha"": 0.1, ""model__gamma"": 0.1}"
nbo_boltz,KernelRidge_RBF,C2,8,6147,742,0.9649553884581671,0.14995886135599512,0.19322022136779987,0.922833625661888,"{""model__alpha"": 0.1, ""model__gamma"": 0.1}"
nbo_boltz,KernelRidge_RBF,C3,9,5729,1160,0.8837670708384748,0.24178682893078934,0.30488373165406574,0.9272607736400799,"{""model__alpha"": 0.1, ""model__gamma"": 0.1}"
nbo_boltz,KernelRidge_RBF,C4,10,6340,549,0.7434378702864459,0.4530145086520547,0.512351756109271,0.9286590804011375,"{""model__alpha"": 0.1, ""model__gamma"": 0.1}"
dg_ch3,MLP(100),C1,1,6048,841,0.9398701416365532,0.2084326121902522,0.2565109320901955,0.9377154631359724,"{""model__activation"": ""relu"", ""model__alpha"": 0.001, ""model__learning_rate_init"": 0.001}"
dg_ch3,MLP(100),C12,2,6210,679,0.9658947182998415,0.20976565856041865,0.2702245846823211,0.9410206648354977,"{""model__activation"": ""tanh"", ""model__alpha"": 0.001, ""model__learning_rate_init"": 0.001}"
dg_ch3,MLP(100),C13,3,6483,406,0.961325308229859,0.21757410002240554,0.2734297980992432,0.9397789250944338,"{""model__activation"": ""tanh"", ""model__alpha"": 0.001, ""model__learning_rate_init"": 0.001}"
dg_ch3,MLP(100),C14,4,6471,418,0.8940231196273758,0.3165476645525867,0.3540264779542266,0.9486374295110018,"{""model__activation"": ""tanh"", ""model__alpha"": 0.0001, ""model__learning_rate_init"": 0.001}"
dg_ch3,MLP(100),C17,5,6082,807,0.957236382301387,0.15267780501949665,0.20943171251889023,0.948451618348226,"{""model__activation"": ""relu"", ""model__alpha"": 0.001, ""model__learning_rate_init"": 0.01}"
dg_ch3,MLP(100),C18,6,6285,604,0.9559600829595971,0.25009062930437265,0.3218266100356,0.9432108378072854,"{""model__activation"": ""tanh"", ""model__alpha"": 0.001, ""model__learning_rate_init"": 0.001}"
dg_ch3,MLP(100),C19,7,6206,683,0.9665230971310433,0.1883920129269729,0.2437038600450162,0.9443822857256681,"{""model__activation"": ""tanh"", ""model__alpha"": 0.0001, ""model__learning_rate_init"": 0.001}"
dg_ch3,MLP(100),C2,8,6147,742,0.9814659628166066,0.1107108798128777,0.14051638396020968,0.9447163645982499,"{""model__activation"": ""relu"", ""model__alpha"": 0.001, ""model__learning_rate_init"": 0.01}"
dg_ch3,MLP(100),C3,9,5729,1160,0.9347137681701759,0.16410152617520232,0.22849697847578,0.9485654227059056,"{""model__activation"": ""relu"", ""model__alpha"": 0.001, ""model__learning_rate_init"": 0.01}"
dg_ch3,MLP(100),C4,10,6340,549,0.7809545565286372,0.4003626648923044,0.4734117849132746,0.9501229883296556,"{""model__activation"": ""relu"", ""model__alpha"": 0.0001, ""model__learning_rate_init"": 0.001}"
nbo_boltz,MLP(100),C1,1,6048,841,0.8839753809960371,0.3032971142500127,0.3563164426425811,0.9305839007288839,"{""model__activation"": ""relu"", ""model__alpha"": 0.001, ""model__learning_rate_init"": 0.01}"
nbo_boltz,MLP(100),C12,2,6210,679,0.9723832278901396,0.19885754879628742,0.24316468128957397,0.9045468492330213,"{""model__activation"": ""relu"", ""model__alpha"": 0.001, ""model__learning_rate_init"": 0.001}"
nbo_boltz,MLP(100),C13,3,6483,406,0.9607098666396763,0.2186317095000332,0.27559679496514905,0.9156063218353452,"{""model__activation"": ""tanh"", ""model__alpha"": 0.001, ""model__learning_rate_init"": 0.001}"
nbo_boltz,MLP(100),C14,4,6471,418,0.8675422725617218,0.312621200617071,0.39579365596831445,0.9275534317355939,"{""model__activation"": ""tanh"", ""model__alpha"": 0.0001, ""model__learning_rate_init"": 0.001}"
nbo_boltz,MLP(100),C17,5,6082,807,0.966186614082996,0.14502798661497712,0.18622996231265201,0.9032710780308919,"{""model__activation"": ""tanh"", ""model__alpha"": 0.001, ""model__learning_rate_init"": 0.001}"
nbo_boltz,MLP(100),C18,6,6285,604,0.9650575324604844,0.22327340293214193,0.2866655400480362,0.9026661629542847,"{""model__activation"": ""relu"", ""model__alpha"": 0.0001, ""model__learning_rate_init"": 0.001}"
nbo_boltz,MLP(100),C19,7,6206,683,0.9739598854318476,0.16260032028306906,0.21493701702275078,0.9024034618375925,"{""model__activation"": ""relu"", ""model__alpha"": 0.0001, ""model__learning_rate_init"": 0.01}"
nbo_boltz,MLP(100),C2,8,6147,742,0.9474640714867703,0.19152995008947862,0.2365757122780241,0.913967810573526,"{""model__activation"": ""tanh"", ""model__alpha"": 0.001, ""model__learning_rate_init"": 0.001}"
nbo_boltz,MLP(100),C3,9,5729,1160,0.8051375739529639,0.3323188511942583,0.3947605203395701,0.9486228635297135,"{""model__activation"": ""tanh"", ""model__alpha"": 0.001, ""model__learning_rate_init"": 0.01}"
nbo_boltz,MLP(100),C4,10,6340,549,0.48410766671699257,0.61620259355155,0.7265265505986478,0.9488292954690116,"{""model__activation"": ""tanh"", ""model__alpha"": 0.0001, ""model__learning_rate_init"": 0.01}"
dg_ch3,RandomForest,C1,1,6048,841,0.9111919567690185,0.25505846413819483,0.31173598591063406,0.9403002308486835,"{""model__max_depth"": 20, ""model__min_samples_leaf"": 5, ""model__n_estimators"": 500}"
dg_ch3,RandomForest,C12,2,6210,679,0.9859313477495989,0.13134106878493965,0.17355626083475637,0.9195170227991785,"{""model__max_depth"": null, ""model__min_samples_leaf"": 2, ""model__n_estimators"": 500}"
dg_ch3,RandomForest,C13,3,6483,406,0.9705447467704744,0.16883271583231593,0.23862381877762587,0.9194105441783149,"{""model__max_depth"": null, ""model__min_samples_leaf"": 5, ""model__n_estimators"": 500}"
dg_ch3,RandomForest,C14,4,6471,418,0.9136072101776317,0.26404571410513256,0.3196457454511549,0.9296494931977138,"{""model__max_depth"": 20, ""model__min_samples_leaf"": 2, ""model__n_estimators"": 500}"
dg_ch3,RandomForest,C17,5,6082,807,0.9851407392794533,0.09099652022209667,0.1234536191659558,0.9222220119036708,"{""model__max_depth"": 20, ""model__min_samples_leaf"": 2, ""model__n_estimators"": 200}"
dg_ch3,RandomForest,C18,6,6285,604,0.9761206507937092,0.17694661389983482,0.23697904655003532,0.922917463267243,"{""model__max_depth"": null, ""model__min_samples_leaf"": 2, ""model__n_estimators"": 500}"
dg_ch3,RandomForest,C19,7,6206,683,0.9737449946911453,0.1548668828856751,0.21582205684505498,0.9234085925393734,"{""model__max_depth"": null, ""model__min_samples_leaf"": 2, ""model__n_estimators"": 500}"
dg_ch3,RandomForest,C2,8,6147,742,0.9877863350965901,0.08832267478725084,0.11406829507058304,0.927244718881024,"{""model__max_depth"": 20, ""model__min_samples_leaf"": 5, ""model__n_estimators"": 500}"
dg_ch3,RandomForest,C3,9,5729,1160,0.9172686758864119,0.19676829576565785,0.2572199489871505,0.9260832147720258,"{""model__max_depth"": 20, ""model__min_samples_leaf"": 5, ""model__n_estimators"": 500}"
dg_ch3,RandomForest,C4,10,6340,549,0.5825924797948167,0.5732595067372542,0.6535097745853541,0.955203324426823,"{""model__max_depth"": 20, ""model__min_samples_leaf"": 2, ""model__n_estimators"": 500}"
nbo_boltz,RandomForest,C1,1,6048,841,0.9212082856609112,0.23831973757282937,0.2936304314854989,0.9433991178797552,"{""model__max_depth"": null, ""model__min_samples_leaf"": 2, ""model__n_estimators"": 200}"
nbo_boltz,RandomForest,C12,2,6210,679,0.9789159993488,0.1595848042126498,0.2124665412180961,0.9263119051214733,"{""model__max_depth"": null, ""model__min_samples_leaf"": 1, ""model__n_estimators"": 500}"
nbo_boltz,RandomForest,C13,3,6483,406,0.9739770941665632,0.15872885913454798,0.2242902041851114,0.9283434126836239,"{""model__max_depth"": null, ""model__min_samples_leaf"": 1, ""model__n_estimators"": 500}"
nbo_boltz,RandomForest,C14,4,6471,418,0.946052471584252,0.2031921745451945,0.25258988500335294,0.9330411233772399,"{""model__max_depth"": null, ""model__min_samples_leaf"": 1, ""model__n_estimators"": 500}"
nbo_boltz,RandomForest,C17,5,6082,807,0.9836139539977818,0.09582621911799698,0.12964098128710427,0.8536793217279224,"{""model__max_depth"": null, ""model__min_samples_leaf"": 5, ""model__n_estimators"": 500}"
nbo_boltz,RandomForest,C18,6,6285,604,0.9807623968676183,0.16443191823441622,0.2127032790458337,0.9275252446328999,"{""model__max_depth"": 20, ""model__min_samples_leaf"": 1, ""model__n_estimators"": 500}"
nbo_boltz,RandomForest,C19,7,6206,683,0.9723226172048803,0.15406936305653354,0.22159108405528,0.9281169567671814,"{""model__max_depth"": null, ""model__min_samples_leaf"": 1, ""model__n_estimators"": 500}"
nbo_boltz,RandomForest,C2,8,6147,742,0.9892369549012764,0.08251810005662462,0.10708028790245896,0.9286629992540384,"{""model__max_depth"": null, ""model__min_samples_leaf"": 2, ""model__n_estimators"": 500}"
nbo_boltz,RandomForest,C3,9,5729,1160,0.9345885449247775,0.17277559124761258,0.22871600954164306,0.9334684921169089,"{""model__max_depth"": 20, ""model__min_samples_leaf"": 1, ""model__n_estimators"": 500}"
nbo_boltz,RandomForest,C4,10,6340,549,0.6090565751539473,0.5551554895073265,0.6324539506273041,0.9620505923504765,"{""model__max_depth"": null, ""model__min_samples_leaf"": 1, ""model__n_estimators"": 200}"
dg_ch3,SVR_RBF,C1,1,6048,841,0.9421337444737405,0.20420160343771201,0.25163640880824856,0.9191822148696669,"{""model__C"": 1, ""model__gamma"": 0.1}"
dg_ch3,SVR_RBF,C12,2,6210,679,0.9574753693800802,0.24261467196827263,0.30174099108282526,0.9342420253985196,"{""model__C"": 1, ""model__gamma"": 0.1}"
dg_ch3,SVR_RBF,C13,3,6483,406,0.949088477851992,0.2518919120093803,0.3137187327784609,0.9302289989980104,"{""model__C"": 1, ""model__gamma"": 0.1}"
dg_ch3,SVR_RBF,C14,4,6471,418,0.18807908175280075,0.9100235109012973,0.9799119283064671,0.9551121790446546,"{""model__C"": 10, ""model__gamma"": ""scale""}"
dg_ch3,SVR_RBF,C17,5,6082,807,0.9539812607613422,0.16202583020762468,0.21725640201818366,0.9404281035256374,"{""model__C"": 1, ""model__gamma"": 0.1}"
dg_ch3,SVR_RBF,C18,6,6285,604,0.9567934082745602,0.24817515736501033,0.3187672597449969,0.9375069213753408,"{""model__C"": 1, ""model__gamma"": 0.1}"
dg_ch3,SVR_RBF,C19,7,6206,683,0.9678672884152355,0.18997838817373167,0.2387610388913095,0.9349216154308255,"{""model__C"": 1, ""model__gamma"": 0.1}"
dg_ch3,SVR_RBF,C2,8,6147,742,0.9711719345462182,0.14533574760400697,0.17524663995679746,0.9389921364065794,"{""model__C"": 1, ""model__gamma"": 0.1}"
dg_ch3,SVR_RBF,C3,9,5729,1160,0.9379742694424984,0.15626086047942198,0.22271814679531993,0.9257349352740489,"{""model__C"": 1, ""model__gamma"": 0.1}"
dg_ch3,SVR_RBF,C4,10,6340,549,0.7439503314297311,0.442189350957017,0.5118398107012981,0.9415019244314417,"{""model__C"": 1, ""model__gamma"": 0.1}"
nbo_boltz,SVR_RBF,C1,1,6048,841,0.8377892180775677,0.35816241271295723,0.4213089132950716,0.9401413896201488,"{""model__C"": 100, ""model__gamma"": 0.1}"
nbo_boltz,SVR_RBF,C12,2,6210,679,0.9704569641596849,0.20779203247172362,0.251502089861488,0.9207091743811813,"{""model__C"": 1, ""model__gamma"": 0.1}"
nbo_boltz,SVR_RBF,C13,3,6483,406,0.9634561390129974,0.20874952798500168,0.2657906053591163,0.9220649962272264,"{""model__C"": 1, ""model__gamma"": 0.1}"
nbo_boltz,SVR_RBF,C14,4,6471,418,0.8599537944569826,0.3156955901561802,0.40697323856852474,0.9274263954837115,"{""model__C"": 1, ""model__gamma"": 0.1}"
nbo_boltz,SVR_RBF,C17,5,6082,807,0.9679172673057427,0.14164477663878036,0.18140151140891517,0.9165367833917198,"{""model__C"": 10, ""model__gamma"": 0.1}"
nbo_boltz,SVR_RBF,C18,6,6285,604,0.9616523913619278,0.22832850221224804,0.3003086542080534,0.9224801002448704,"{""model__C"": 10, ""model__gamma"": 0.1}"
nbo_boltz,SVR_RBF,C19,7,6206,683,0.9737932267949115,0.1684405184891391,0.21562372633881952,0.9182347582325774,"{""model__C"": 10, ""model__gamma"": 0.1}"
nbo_boltz,SVR_RBF,C2,8,6147,742,0.9635769663344999,0.1517425466317444,0.19698357169673364,0.9270481894637947,"{""model__C"": 10, ""model__gamma"": 0.1}"
nbo_boltz,SVR_RBF,C3,9,5729,1160,0.8868862708698584,0.23526458880945716,0.3007650168316233,0.931620010658699,"{""model__C"": 1, ""model__gamma"": 0.1}"
nbo_boltz,SVR_RBF,C4,10,6340,549,0.7646673971558626,0.42642927468235736,0.49069654739218166,0.9350516739389523,"{""model__C"": 1, ""model__gamma"": 0.1}"
dg_ch3,"kNN(k=5,dist)",C1,1,6048,841,0.8956042610123424,0.2699258226732225,0.3379886953880855,0.9205999446912001,"{""model__p"": 1}"
dg_ch3,"kNN(k=5,dist)",C12,2,6210,679,0.9267071710954989,0.24275734094755907,0.39613642675146316,0.9138090515166007,"{""model__p"": 1}"
dg_ch3,"kNN(k=5,dist)",C13,3,6483,406,0.9695717647823454,0.17646217542999432,0.24253297477001087,0.9058441299874624,"{""model__p"": 1}"
dg_ch3,"kNN(k=5,dist)",C14,4,6471,418,0.9339325856268932,0.2091505877449537,0.2795270455092595,0.9111526649335984,"{""model__p"": 1}"
dg_ch3,"kNN(k=5,dist)",C17,5,6082,807,0.9716363579951648,0.12349623591458668,0.17056354836335372,0.9089408843379821,"{""model__p"": 1}"
dg_ch3,"kNN(k=5,dist)",C18,6,6285,604,0.9705685822690528,0.2014438750683311,0.2630899727374916,0.9096886354977615,"{""model__p"": 1}"
dg_ch3,"kNN(k=5,dist)",C19,7,6206,683,0.9678626204359084,0.17713835352518462,0.23877838089365078,0.907241222818197,"{""model__p"": 1}"
dg_ch3,"kNN(k=5,dist)",C2,8,6147,742,0.9797382782605939,0.11107972586162482,0.14691973067408398,0.9150537609356192,"{""model__p"": 1}"
dg_ch3,"kNN(k=5,dist)",C3,9,5729,1160,0.9136184930838727,0.20696292956515028,0.2628330943943872,0.9080817582280826,"{""model__p"": 1}"
dg_ch3,"kNN(k=5,dist)",C4,10,6340,549,0.5741385451711419,0.5809499685687098,0.660094508580579,0.9360211779601277,"{""model__p"": 1}"
nbo_boltz,"kNN(k=5,dist)",C1,1,6048,841,0.92360873934482,0.23152105170987258,0.2891229902308338,0.902752229463631,"{""model__p"": 1}"
nbo_boltz,"kNN(k=5,dist)",C12,2,6210,679,0.9333162412536706,0.22376718896913333,0.3778540428569241,0.8961665196761658,"{""model__p"": 1}"
nbo_boltz,"kNN(k=5,dist)",C13,3,6483,406,0.9684362189871959,0.1740091021243099,0.24701704497437788,0.8888455233550878,"{""model__p"": 1}"
nbo_boltz,"kNN(k=5,dist)",C14,4,6471,418,0.943765242349114,0.19852131687356783,0.2578888662458498,0.8935619934417247,"{""model__p"": 1}"
nbo_boltz,"kNN(k=5,dist)",C17,5,6082,807,0.9648346815646215,0.14239086810252305,0.1899164142939992,0.8668707639971627,"{""model__p"": 1}"
nbo_boltz,"kNN(k=5,dist)",C18,6,6285,604,0.976000081084617,0.17949337068837207,0.23757656113745654,0.8906351548959194,"{""model__p"": 1}"
nbo_boltz,"kNN(k=5,dist)",C19,7,6206,683,0.973498770481667,0.15924472743746132,0.21683170443299946,0.8901746461366946,"{""model__p"": 1}"
nbo_boltz,"kNN(k=5,dist)",C2,8,6147,742,0.9710520354556615,0.13316408126611148,0.17561069682336214,0.8892443062052724,"{""model__p"": 1}"
nbo_boltz,"kNN(k=5,dist)",C3,9,5729,1160,0.7560393773290678,0.3375288474027571,0.44170216373496823,0.9197883158137955,"{""model__p"": 2}"
nbo_boltz,"kNN(k=5,dist)",C4,10,6340,549,0.5984758268286678,0.5551374559393621,0.6409553860599491,0.9442334827098879,"{""model__p"": 1}"
