loss,status,q2
0.0538080489126993,ok,0.9461919510873007
0.05765671680637985,ok,0.9423432831936202
0.05166909333741687,ok,0.9483309066625831
0.05135937798860013,ok,0.9486406220113999
0.05823665503911357,ok,0.9417633449608864
0.058185769969883894,ok,0.9418142300301161
0.056430974258366295,ok,0.9435690257416337
0.05570144278337741,ok,0.9442985572166226
0.05472167796755345,ok,0.9452783220324465
0.055951313453098006,ok,0.944048686546902
0.0561472061734426,ok,0.9438527938265574
0.05764638955458845,ok,0.9423536104454115
0.05458506327623802,ok,0.945414936723762
0.05213566821620974,ok,0.9478643317837903
0.053680156710078974,ok,0.946319843289921
0.056475763318451944,ok,0.9435242366815481
0.05362584670101833,ok,0.9463741532989817
0.05594958139222872,ok,0.9440504186077713
0.053708310906351864,ok,0.9462916890936481
0.05297575441529101,ok,0.947024245584709
0.05169628614518085,ok,0.9483037138548192
0.05212229092015064,ok,0.9478777090798494
0.05170818515476694,ok,0.9482918148452331
0.05201487407829675,ok,0.9479851259217033
0.05070516910899159,ok,0.9492948308910084
0.05072455931721698,ok,0.949275440682783
0.05071912829380154,ok,0.9492808717061985
0.0506717832789072,ok,0.9493282167210928
0.05219482489246663,ok,0.9478051751075334
0.05067804061630765,ok,0.9493219593836923
0.053201904010643175,ok,0.9467980959893568
0.05136365905231144,ok,0.9486363409476886
0.05054850988982884,ok,0.9494514901101712
0.05115661187003173,ok,0.9488433881299683
0.052240026635516856,ok,0.9477599733644831
0.05122575253958506,ok,0.9487742474604149
0.05107836206925809,ok,0.9489216379307419
0.05229421645854182,ok,0.9477057835414582
0.053885514125511014,ok,0.946114485874489
0.05783428465969365,ok,0.9421657153403064
0.05189126803638999,ok,0.94810873196361
0.0583957082465314,ok,0.9416042917534686
0.05055936152814766,ok,0.9494406384718523
0.05324049957378596,ok,0.946759500426214
0.05469240775907558,ok,0.9453075922409244
0.05384505932832795,ok,0.946154940671672
0.0511574822246702,ok,0.9488425177753298
0.053723245640294404,ok,0.9462767543597056
0.05063480991395719,ok,0.9493651900860428
0.051077444059921207,ok,0.9489225559400788
0.061665282884846295,ok,0.9383347171151537
0.05320571947265618,ok,0.9467942805273438
0.05377205312367794,ok,0.9462279468763221
0.05853130776611293,ok,0.9414686922338871
0.0584155143693591,ok,0.9415844856306409
0.05298481382912923,ok,0.9470151861708708
0.05191689348064399,ok,0.948083106519356
0.05058296723992073,ok,0.9494170327600793
0.05807123053154617,ok,0.9419287694684538
0.052264932541416065,ok,0.9477350674585839
0.05648524393868204,ok,0.943514756061318
0.05121377134805338,ok,0.9487862286519466
0.05169842942424474,ok,0.9483015705757553
0.056601852065565894,ok,0.9433981479344341
0.0542326174082588,ok,0.9457673825917412
0.050486726366097745,ok,0.9495132736339023
0.0504687203108638,ok,0.9495312796891362
0.05108817035992508,ok,0.9489118296400749
0.05063941653475035,ok,0.9493605834652497
0.05096055138276967,ok,0.9490394486172303
0.051095769447731865,ok,0.9489042305522681
0.05079492055246315,ok,0.9492050794475368
0.050542466940071695,ok,0.9494575330599283
0.051089943629464285,ok,0.9489100563705357
0.052200590688027404,ok,0.9477994093119726
0.050943117478953415,ok,0.9490568825210466
0.051357200528719615,ok,0.9486427994712804
0.05226869033571635,ok,0.9477313096642836
0.05830221146808712,ok,0.9416977885319129
0.05058952603715072,ok,0.9494104739628493
0.05121887211390619,ok,0.9487811278860938
0.05114271431977746,ok,0.9488572856802225
0.05224272357663429,ok,0.9477572764233657
0.05373088386380798,ok,0.946269116136192
0.05089780828017332,ok,0.9491021917198267
0.05611570556051082,ok,0.9438842944394892
0.053281677439858344,ok,0.9467183225601417
0.05110276427708327,ok,0.9488972357229167
0.05203737158377009,ok,0.9479626284162299
0.05460935314199633,ok,0.9453906468580037
0.0519718086157398,ok,0.9480281913842602
0.0512568486628846,ok,0.9487431513371154
0.057921650991046736,ok,0.9420783490089533
0.051321914607345365,ok,0.9486780853926546
0.05189812826712137,ok,0.9481018717328786
0.05081104560891825,ok,0.9491889543910818
0.05081481783044195,ok,0.949185182169558
0.05128218588464517,ok,0.9487178141153548
0.05222427239922922,ok,0.9477757276007708
0.058458834356544975,ok,0.941541165643455
0.0538889900457552,ok,0.9461110099542448
0.05068235531588916,ok,0.9493176446841108
0.05355607661978101,ok,0.946443923380219
0.05191993248229165,ok,0.9480800675177083
0.05135271719862933,ok,0.9486472828013707
0.05469215029372876,ok,0.9453078497062712
0.059007917456274095,ok,0.9409920825437259
0.05152797769473394,ok,0.9484720223052661
0.05234607969181182,ok,0.9476539203081882
0.05380213181544702,ok,0.946197868184553
0.05052236189869819,ok,0.9494776381013018
0.05080657708414016,ok,0.9491934229158598
0.051328714438945044,ok,0.948671285561055
0.05806551561204654,ok,0.9419344843879535
0.05051661801391061,ok,0.9494833819860894
0.052295770007995124,ok,0.9477042299920049
0.05186906749756204,ok,0.948130932502438
0.053726217679570976,ok,0.946273782320429
0.05210446109806033,ok,0.9478955389019397
0.05108850051909675,ok,0.9489114994809033
0.05841697249554145,ok,0.9415830275044585
0.05225110907758912,ok,0.9477488909224109
0.0509986620644145,ok,0.9490013379355855
0.0585412556314191,ok,0.9414587443685809
0.0513270250241562,ok,0.9486729749758438
0.056437525981968606,ok,0.9435624740180314
0.053166551223903236,ok,0.9468334487760968
0.05834407471382319,ok,0.9416559252861768
0.05170990990439728,ok,0.9482900900956027
0.05185517703909637,ok,0.9481448229609036
0.05373203015643169,ok,0.9462679698435683
0.05553656614653202,ok,0.944463433853468
0.050470823588964264,ok,0.9495291764110357
0.051343736883823765,ok,0.9486562631161762
0.05458925970145656,ok,0.9454107402985434
0.056152990676865744,ok,0.9438470093231343
0.052258298883692156,ok,0.9477417011163078
0.051089943629464285,ok,0.9489100563705357
0.0520218677574843,ok,0.9479781322425157
0.0523428403326317,ok,0.9476571596673683
0.050545359396951706,ok,0.9494546406030483
0.052302229787366095,ok,0.9476977702126339
0.05860768039061459,ok,0.9413923196093854
0.05217827761615368,ok,0.9478217223838463
0.05138764064242307,ok,0.9486123593575769
0.050557665910611616,ok,0.9494423340893884
0.05061093848529308,ok,0.9493890615147069
0.05049622768645956,ok,0.9495037723135404
0.05047044914173637,ok,0.9495295508582636
0.05107120247043706,ok,0.9489287975295629
0.05059186881098543,ok,0.9494081311890146
0.050472270069742864,ok,0.9495277299302571
0.050548605748369946,ok,0.94945139425163
0.05110161665706292,ok,0.9488983833429371
0.05046851406474606,ok,0.9495314859352539
0.051054941188023006,ok,0.948945058811977
0.050447148765915384,ok,0.9495528512340846
0.051083963454426784,ok,0.9489160365455732
0.05045652298552428,ok,0.9495434770144757
0.05474814007868978,ok,0.9452518599213102
0.050446975029876384,ok,0.9495530249701236
0.05103867200719625,ok,0.9489613279928037
0.0505307239384436,ok,0.9494692760615564
0.058057979924208025,ok,0.941942020075792
0.05045652298552428,ok,0.9495434770144757
0.05226063606436959,ok,0.9477393639356304
0.05054480692413266,ok,0.9494551930758673
0.05349945713401483,ok,0.9465005428659852
0.05050695528965332,ok,0.9494930447103467
0.05106081088673875,ok,0.9489391891132612
0.058427319876125594,ok,0.9415726801238744
0.05115534642271791,ok,0.9488446535772821
0.051385111801784844,ok,0.9486148881982152
0.05046142166845824,ok,0.9495385783315418
0.05088085563146372,ok,0.9491191443685363
0.05114879140912609,ok,0.9488512085908739
0.050525599836942714,ok,0.9494744001630573
0.05224089041127822,ok,0.9477591095887218
0.05858251931268976,ok,0.9414174806873102
0.05105960472841542,ok,0.9489403952715846
0.05048682190738574,ok,0.9495131780926143
0.05054884666077719,ok,0.9494511533392228
0.051253620075233375,ok,0.9487463799247666
0.052259964741774856,ok,0.9477400352582251
0.05192508468117585,ok,0.9480749153188242
0.056337628720322996,ok,0.943662371279677
0.05618485844122012,ok,0.9438151415587799
0.05104115882337701,ok,0.948958841176623
0.05320431658115632,ok,0.9467956834188437
0.05131582940994306,ok,0.9486841705900569
0.051973812751628046,ok,0.948026187248372
0.05069539583308025,ok,0.9493046041669198
0.050485820383617264,ok,0.9495141796163827
0.05188192053895513,ok,0.9481180794610449
0.05778866075361622,ok,0.9422113392463838
0.0510618095928671,ok,0.9489381904071329
0.052033836527761834,ok,0.9479661634722382
0.051968397755568385,ok,0.9480316022444316
0.0538549497894798,ok,0.9461450502105202
0.050791696960383326,ok,0.9492083030396167
0.05123809116336475,ok,0.9487619088366352
0.052291708519742075,ok,0.9477082914802579
0.05923501961003508,ok,0.9407649803899649
0.05053339650843447,ok,0.9494666034915655
0.051046361023227016,ok,0.948953638976773
0.05222158189206372,ok,0.9477784181079363
0.054734024162094164,ok,0.9452659758379058
0.05138282117751003,ok,0.94861717882249
0.052015841664915574,ok,0.9479841583350844
0.051944956647246854,ok,0.9480550433527531
0.05779547512885397,ok,0.942204524871146
0.05106372406943238,ok,0.9489362759305676
0.05047903220283689,ok,0.9495209677971631
0.05184447280104176,ok,0.9481555271989582
0.05160429168666969,ok,0.9483957083133303
0.05080652038918143,ok,0.9491934796108186
0.05320545235877905,ok,0.946794547641221
0.05054670500974445,ok,0.9494532949902555
0.05803070460320481,ok,0.9419692953967952
0.052187060104034066,ok,0.9478129398959659
0.05204495370769835,ok,0.9479550462923017
0.051890738052939755,ok,0.9481092619470602
0.05105559693424655,ok,0.9489444030657535
0.05074645999801186,ok,0.9492535400019881
0.053784969400397675,ok,0.9462150305996023
0.05048053911422701,ok,0.949519460885773
0.05793971741544923,ok,0.9420602825845508
0.05050491192707007,ok,0.9494950880729299
0.05110614525558588,ok,0.9488938547444141
0.052170507399249444,ok,0.9478294926007506
0.05121560179093154,ok,0.9487843982090685
0.05644475595965259,ok,0.9435552440403474
0.05182434289400151,ok,0.9481756571059985
0.050591868953465347,ok,0.9494081310465347
0.05470927291152716,ok,0.9452907270884728
0.0583965681115165,ok,0.9416034318884835
0.05189721165898875,ok,0.9481027883410112
0.054695184258777396,ok,0.9453048157412226
0.05206764573300493,ok,0.9479323542669951
0.051264443461171094,ok,0.9487355565388289
0.05047242194235069,ok,0.9495275780576493
0.051167940960373914,ok,0.9488320590396261
0.050519875306476836,ok,0.9494801246935232
0.056154302803835154,ok,0.9438456971961648
0.05162714218564446,ok,0.9483728578143555
0.05047736176947193,ok,0.9495226382305281
0.05382179459222636,ok,0.9461782054077736
0.05556324355197362,ok,0.9444367564480264
0.05110411075335353,ok,0.9488958892466465
0.052304638927096914,ok,0.9476953610729031
0.056569787031411134,ok,0.9434302129685889
0.057762343682755235,ok,0.9422376563172448
0.05326976956946283,ok,0.9467302304305372
0.05110020598636744,ok,0.9488997940136326
0.05053949376985101,ok,0.949460506230149
0.05071666184295476,ok,0.9492833381570452
0.05196203773964281,ok,0.9480379622603572
0.050447763748743046,ok,0.949552236251257
0.05047242194235069,ok,0.9495275780576493
0.05046364910798573,ok,0.9495363508920143
0.05053074658674794,ok,0.9494692534132521
0.05045400067203121,ok,0.9495459993279688
0.0505000906277816,ok,0.9494999093722184
0.05103658503375008,ok,0.9489634149662499
0.05052039652345586,ok,0.9494796034765441
0.05045932953453447,ok,0.9495406704654655
0.05054648193998712,ok,0.9494535180600129
0.05103891070587252,ok,0.9489610892941275
0.05047552324040405,ok,0.949524476759596
0.051055328331894856,ok,0.9489446716681051
0.05049055760006249,ok,0.9495094423999375
0.05112829435352517,ok,0.9488717056464748
0.05047739702303766,ok,0.9495226029769623
0.05106013625954775,ok,0.9489398637404522
0.05046851406474606,ok,0.9495314859352539
0.050563041789008945,ok,0.949436958210991
0.051046837482840224,ok,0.9489531625171598
0.05050544738257645,ok,0.9494945526174235
0.052172020365530924,ok,0.9478279796344691
0.05104785394008826,ok,0.9489521460599117
0.05045652298552428,ok,0.9495434770144757
0.051102064194239016,ok,0.948897935805761
0.050531521559595505,ok,0.9494684784404045
0.051083259282495797,ok,0.9489167407175042
0.05048709085472325,ok,0.9495129091452768
0.05054692602947464,ok,0.9494530739705254
0.05134837667334291,ok,0.9486516233266571
0.05216390241165081,ok,0.9478360975883492
0.05054069290146335,ok,0.9494593070985367
0.051126833828217366,ok,0.9488731661717826
0.05050723388621303,ok,0.949492766113787
0.058425333058536366,ok,0.9415746669414636
0.051084549324990514,ok,0.9489154506750095
0.051957620089137624,ok,0.9480423799108624
0.05078602025612089,ok,0.9492139797438791
0.05117342002411396,ok,0.948826579975886
0.05047536677846454,ok,0.9495246332215355
0.051149005773677425,ok,0.9488509942263226
0.05612933127381148,ok,0.9438706687261885
0.05045652298552428,ok,0.9495434770144757
