parameter,Family,Model,R2(test),MAE(test),RMSE(test),R2(train),MAE(train),RMSE(train)
homo_min,Linear/Regularized,Linear Regression,0.29425797600981074,0.8073370953838359,1.0030192898558514,0.30180506720704825,0.7969643013862999,0.9944722716979867
homo_min,Linear/Regularized,RidgeCV,0.2943000288104254,0.8074687120185831,1.0029894061326696,0.301802726187984,0.7970889355292513,0.9944739389090234
homo_min,Linear/Regularized,LassoCV,0.2942613234504863,0.8073512390048663,1.0030169111172782,0.3018050381166112,0.796976507391154,0.9944722924154334
homo_min,Linear/Regularized,ElasticNetCV,0.29427833383565305,0.8073999523476687,1.0030048232104052,0.3018045298176367,0.797023465510207,0.9944726544125703
homo_min,Linear/Regularized,BayesianRidge,0.2943759226523598,0.8077767919138149,1.0029354719047743,0.30178066533158676,0.7973728032071362,0.9944896499224304
homo_min,Kernel/Neighbors,LinearSVR,0.2668487878533359,0.7936953422544847,1.0223110958517316,0.27129295489691607,0.7830554003248771,1.0159698413965046
homo_min,Kernel/Neighbors,SVR_RBF,0.9623791197916981,0.1731069471784257,0.23157985211885435,0.9651365808272143,0.16632065465522472,0.22222316102938014
homo_min,Kernel/Neighbors,SVR_Poly3,0.5431182426605001,0.6301917031284321,0.8070272603032242,0.5037723095715361,0.6324266089785622,0.8383875678505845
homo_min,Kernel/Neighbors,"KernelRidge(RBF,alpha=1e-1)",0.9684101053484031,0.15996913090897744,0.21220733183319682,0.9718524589038849,0.1515858764949615,0.19967540000010822
homo_min,Kernel/Neighbors,"kNN(k=5,dist)",0.9508564876843258,0.19458837385217193,0.26467894342810266,1.0,0.0,0.0
homo_min,Tree Ensembles,RandomForest,0.9931139267421951,0.06807373512558063,0.09907683288636657,0.9990150978333953,0.025283517442825136,0.03735088345464378
homo_min,Tree Ensembles,GradientBoosting,0.9715695590807404,0.15117077973139048,0.20131590770314806,0.9749921773660976,0.1427879387321184,0.1882098169910821
homo_min,Tree Ensembles,DecisionTree,0.9889337699815539,0.08613273083436895,0.12559898870505498,1.0,0.0,0.0
homo_min,Tree Ensembles,ExtraTrees,0.993819366967804,0.06301143887693475,0.09386480350952892,1.0,2.1007637985000825e-14,2.5720359489990193e-14
homo_min,Tree Ensembles,HistGradientBoosting,0.9914511894476199,0.07826573329399175,0.11039239166936436,0.9938349948967836,0.0661642967890765,0.09344822409206734
homo_min,Neural,MLP(100),0.9692562627975786,0.15776670201983095,0.20934597995695,0.971363452200892,0.15218801725422854,0.20140240995784783
homo_min,Gaussian Process,GPR_C*(RBF+White)_fixed,0.9762140194144548,0.13899843886548663,0.18413944340464405,0.9837648889350752,0.11311817904349235,0.15164635086985917
lumo_min,Linear/Regularized,Linear Regression,0.29919507950047164,0.8076427507492845,0.9995047612528449,0.3039875014235123,0.7985422346185965,0.9929167827394413
lumo_min,Linear/Regularized,RidgeCV,0.29924813336611855,0.8077520797205386,0.9994669271898936,0.3039850605824945,0.7986608593669099,0.9929185237641288
lumo_min,Linear/Regularized,LassoCV,0.2991953503461522,0.807643467799823,0.9995045681095283,0.30398750131083807,0.7985429281786565,0.9929167828198108
lumo_min,Linear/Regularized,ElasticNetCV,0.29920994623566355,0.8076725825194729,0.9994941595497314,0.30398731651585353,0.7985743433129141,0.9929169146321198
lumo_min,Linear/Regularized,BayesianRidge,0.29934275468489013,0.8080028206023336,0.9993994467621747,0.3039639942416781,0.7989295655555254,0.9929335500233132
lumo_min,Kernel/Neighbors,LinearSVR,0.2685037360886724,0.794375945832082,1.0211566083706882,0.27164200040837017,0.7841055676981663,1.0157264910744848
lumo_min,Kernel/Neighbors,SVR_RBF,0.9470291868953834,0.1972181215193102,0.27479233583826973,0.9493153583955379,0.19057498672033754,0.2679430657156707
lumo_min,Kernel/Neighbors,SVR_Poly3,0.5432675577933378,0.6174169591707812,0.8068953758193078,0.5027752905350318,0.6202863070209368,0.83922938798322
lumo_min,Kernel/Neighbors,"KernelRidge(RBF,alpha=1e-1)",0.955192623619429,0.18992969816808525,0.25273247690497547,0.9572932958503215,0.18364672411367433,0.2459531337511006
lumo_min,Kernel/Neighbors,"kNN(k=5,dist)",0.942075875550997,0.20700233944407456,0.2873531981246696,1.0,0.0,0.0
lumo_min,Tree Ensembles,RandomForest,0.9929676697854004,0.06940715789897825,0.1001234771913211,0.9989623516616999,0.026122522562591618,0.03833799793240647
lumo_min,Tree Ensembles,GradientBoosting,0.970908200887878,0.1528419746117061,0.2036439845821792,0.9742343366332831,0.1437150017241266,0.1910403021538471
lumo_min,Tree Ensembles,DecisionTree,0.9885841157982521,0.08600530426289892,0.1275678022293884,1.0,0.0,0.0
lumo_min,Tree Ensembles,ExtraTrees,0.993258709288922,0.06524790778088593,0.09802973397009224,1.0,2.1007637985000825e-14,2.5720359489990193e-14
lumo_min,Tree Ensembles,HistGradientBoosting,0.9916048924503621,0.07781298336811861,0.10939549258831173,0.9937432320010473,0.06660093602611775,0.09414111938475511
lumo_min,Neural,MLP(100),0.9469890715244466,0.20115208758116718,0.27489636775313264,0.9480720008594322,0.1972314035952172,0.27120964274729437
lumo_min,Gaussian Process,GPR_C*(RBF+White)_fixed,0.9667922332504033,0.16657001082762718,0.21757356659039356,0.972269621588946,0.14768007496763091,0.1981902247599629
nbo_min,Linear/Regularized,Linear Regression,0.3057302001186014,0.805403826886317,0.9948335730797722,0.313570412378094,0.794326579455371,0.986057701886993
nbo_min,Linear/Regularized,RidgeCV,0.3057938577776155,0.8055024818697049,0.9947879638453625,0.3135679572425232,0.7944561483503364,0.9860594652893999
nbo_min,Linear/Regularized,LassoCV,0.30573056436959545,0.8054044502913074,0.9948333121083419,0.3135704122657009,0.7943273273252587,0.9860577019677194
nbo_min,Linear/Regularized,ElasticNetCV,0.30576096717758494,0.8054500041462884,0.9948115294575813,0.3135698503207738,0.7943876663064058,0.9860581055852353
nbo_min,Linear/Regularized,BayesianRidge,0.30590636972326823,0.8057181176794639,0.9947073465345196,0.3135480666535916,0.7947294353700881,0.98607375159903
nbo_min,Kernel/Neighbors,LinearSVR,0.2761966688758807,0.7926394968435682,1.0157728129469077,0.2822690730952583,0.780908428899557,1.0082893089463765
nbo_min,Kernel/Neighbors,SVR_RBF,0.9653952355093169,0.16544046362714213,0.22210290809593708,0.9683347029916326,0.1575292819805349,0.21178544758305584
nbo_min,Kernel/Neighbors,SVR_Poly3,0.5654062466089738,0.6047783212470774,0.7870965991269551,0.5276709635132313,0.6081835898248195,0.8179498074669119
nbo_min,Kernel/Neighbors,"KernelRidge(RBF,alpha=1e-1)",0.9680286536408914,0.16086041650747457,0.2134847015993125,0.9715366946883021,0.15156266519301548,0.20079227381917544
nbo_min,Kernel/Neighbors,"kNN(k=5,dist)",0.9597155733980247,0.17954673885381142,0.23963756016916446,1.0,0.0,0.0
nbo_min,Tree Ensembles,RandomForest,0.9932220541518474,0.06785637485431942,0.09829588641593066,0.9990307936597891,0.025036862344772294,0.037052068254360894
nbo_min,Tree Ensembles,GradientBoosting,0.9719976897097666,0.14957848148478659,0.19979436162138645,0.9754585530364833,0.14083462715097927,0.18644657710369478
nbo_min,Tree Ensembles,DecisionTree,0.9890876463796083,0.0863763725013507,0.12472270220699798,1.0,0.0,0.0
nbo_min,Tree Ensembles,ExtraTrees,0.9933474422420806,0.06549851772784941,0.09738243349475122,1.0,2.1007637985000825e-14,2.5720359489990193e-14
nbo_min,Tree Ensembles,HistGradientBoosting,0.9914730428620908,0.07740203602624361,0.11025120276408859,0.9939159275158032,0.06540102724258048,0.09283281542808826
nbo_min,Neural,MLP(100),0.970411786907925,0.15267475429770508,0.20537409606758597,0.9722533708884246,0.1468556292639313,0.19824828848744092
nbo_min,Gaussian Process,GPR_C*(RBF+White)_fixed,0.9784414441655521,0.1294627693352333,0.17530573684353953,0.9840290116535612,0.10945042992663365,0.15040775485141386
hirsh_qa_min,Linear/Regularized,Linear Regression,0.28096689614856674,0.8130309535421193,1.0124200533655061,0.2891569299495239,0.7988082086762788,1.003439514422196
hirsh_qa_min,Linear/Regularized,RidgeCV,0.2810148746538317,0.8131125687298799,1.0123862752189046,0.28915479293736657,0.7989191452179131,1.0034410227444404
hirsh_qa_min,Linear/Regularized,LassoCV,0.28096713692985686,0.8130315434333567,1.0124198838518734,0.2891569298381259,0.7988089018183957,1.0034395145008215
hirsh_qa_min,Linear/Regularized,ElasticNetCV,0.2809900005072672,0.8130701882636612,1.0124037874218021,0.28915643686896897,0.7988607928136977,1.0034398624430514
hirsh_qa_min,Linear/Regularized,BayesianRidge,0.2811188524998369,0.8133254385235853,1.0123130681756678,0.2891290681374986,0.7992190945334634,1.0034591793597607
hirsh_qa_min,Kernel/Neighbors,LinearSVR,0.25239118775242175,0.7996512465961336,1.032341775043513,0.2581352351982531,0.7864974673286322,1.0251011115633941
hirsh_qa_min,Kernel/Neighbors,SVR_RBF,0.9152886837174484,0.23069248735026046,0.3475017620507805,0.9151128454395367,0.2276450636644412,0.3467570664997113
hirsh_qa_min,Kernel/Neighbors,SVR_Poly3,0.5069519194933958,0.6599985970919721,0.8383607398233547,0.47546489999039565,0.6602192475583989,0.8619689257008244
hirsh_qa_min,Kernel/Neighbors,"KernelRidge(RBF,alpha=1e-1)",0.930310594236918,0.22995321010801764,0.3151880016447573,0.9338232073583267,0.22115958394125373,0.30616616158009113
hirsh_qa_min,Kernel/Neighbors,"kNN(k=5,dist)",0.9383582861411057,0.21394508483626323,0.29643102015293904,1.0,0.0,0.0
hirsh_qa_min,Tree Ensembles,RandomForest,0.9923900303120503,0.07183124017006387,0.1041544331106946,0.9987957831801113,0.027383757535021376,0.04130063001765824
hirsh_qa_min,Tree Ensembles,GradientBoosting,0.9629011142627867,0.17110984441691404,0.22996764030463004,0.9663034461416917,0.1615016210413541,0.21847264977855207
hirsh_qa_min,Tree Ensembles,DecisionTree,0.9883177701950154,0.08831975342535353,0.12904737315465487,1.0,0.0,0.0
hirsh_qa_min,Tree Ensembles,ExtraTrees,0.9930224469295925,0.06563381247880351,0.09973276743497438,1.0,2.1007637985000825e-14,2.5720359489990193e-14
hirsh_qa_min,Tree Ensembles,HistGradientBoosting,0.9914061257100307,0.07771155434725051,0.11068296748274696,0.9935500819151563,0.06702767039132472,0.09558317043143569
hirsh_qa_min,Neural,MLP(100),0.9473976868995623,0.20059382886011695,0.2738348491037609,0.9493487753395713,0.19482997793971882,0.26785472224045276
hirsh_qa_min,Gaussian Process,GPR_C*(RBF+White)_fixed,0.9618848429417018,0.16975863811537814,0.23309617815407324,0.9699901465422311,0.14297357752665663,0.20617512641433022
hirsh_qh_min,Linear/Regularized,Linear Regression,0.28457009857958027,0.8076324652987934,1.0098801591649131,0.29574807591240093,0.7954121994865544,0.9987765871257362
hirsh_qh_min,Linear/Regularized,RidgeCV,0.28461596927177757,0.8077721655078139,1.009847783774677,0.2957458088419135,0.7955527228672447,0.9987781947146008
hirsh_qh_min,Linear/Regularized,LassoCV,0.2845772086308065,0.8076593162301381,1.0098751409810982,0.2957479876266701,0.7954370854709171,0.998776649729554
hirsh_qh_min,Linear/Regularized,ElasticNetCV,0.2846080180517445,0.8077486166050366,1.0098533957951252,0.29574650551858905,0.7955281537123338,0.9987777006986239
hirsh_qh_min,Linear/Regularized,BayesianRidge,0.28470550447837095,0.8081181286460618,1.0097845871171367,0.29572235367122535,0.7959017739224898,0.9987948267192656
hirsh_qh_min,Kernel/Neighbors,LinearSVR,0.2609536423057368,0.7944067776345461,1.0264129824771624,0.26749038719094675,0.7835109359497259,1.0186171791324214
hirsh_qh_min,Kernel/Neighbors,SVR_RBF,0.90293078012583,0.2546584256773141,0.3719864030310126,0.9159828220210615,0.235485713484843,0.3449755988432116
hirsh_qh_min,Kernel/Neighbors,SVR_Poly3,0.5281442616158317,0.6501282964766893,0.8201455192884328,0.5015287763178773,0.6463503967028629,0.8402806798123543
hirsh_qh_min,Kernel/Neighbors,"KernelRidge(RBF,alpha=1e-1)",0.9185796091902563,0.24662086032986533,0.3406849018600428,0.9312040031396811,0.2253588663904944,0.3121662276104774
hirsh_qh_min,Kernel/Neighbors,"kNN(k=5,dist)",0.9098129042011311,0.2512253762628548,0.35855724069447015,1.0,0.0,0.0
hirsh_qh_min,Tree Ensembles,RandomForest,0.9892526024346906,0.0812098647789223,0.12377643023409572,0.9987005542129516,0.02843688871715763,0.04290258050056466
hirsh_qh_min,Tree Ensembles,GradientBoosting,0.9536051336912805,0.1904455407837011,0.2571705654987219,0.9604109273124251,0.17745398421546155,0.23680561546150716
hirsh_qh_min,Tree Ensembles,DecisionTree,0.9862961409425607,0.09437768763095312,0.13976799581524904,1.0,0.0,0.0
hirsh_qh_min,Tree Ensembles,ExtraTrees,0.9929312455275487,0.06689358786116996,0.10038243923378809,1.0,2.1007637985000825e-14,2.5720359489990193e-14
hirsh_qh_min,Tree Ensembles,HistGradientBoosting,0.9883203347647713,0.09048582325331961,0.12903320765881207,0.9922231336159557,0.07428882716490548,0.10495585015542994
hirsh_qh_min,Neural,MLP(100),0.9228322444101404,0.23620934640162417,0.3316685030043799,0.9320181498945095,0.22295777721437848,0.3103136087873594
hirsh_qh_min,Gaussian Process,GPR_C*(RBF+White)_fixed,0.9397409506349498,0.20730185860772707,0.29308759287917785,0.9560173956778606,0.1694093777435344,0.24960012752467683
hirsh_qcm5a_min,Linear/Regularized,Linear Regression,0.2683435821004616,0.8125311298956583,1.021268388403593,0.2820150134865669,0.7963123879351306,1.00846774832565
hirsh_qcm5a_min,Linear/Regularized,RidgeCV,0.26838371858588406,0.8126306134574436,1.0212403761529345,0.2820129318895045,0.7964325171615649,1.0084692102099653
hirsh_qcm5a_min,Linear/Regularized,LassoCV,0.2683457242720577,0.8125380173125667,1.0212668933482079,0.282015003967401,0.7963198683216903,1.0084677550108676
hirsh_qcm5a_min,Linear/Regularized,ElasticNetCV,0.2683768230918795,0.8126143067939532,1.0212451887442322,0.28201356424135604,0.7964119254808943,1.0084687661159553
hirsh_qcm5a_min,Linear/Regularized,BayesianRidge,0.26847180396963966,0.8129217787062113,1.0211788964807778,0.2819856212687899,0.7967840174593286,1.0084883899831274
hirsh_qcm5a_min,Kernel/Neighbors,LinearSVR,0.24995163315029656,0.7999713729308212,1.03402474273545,0.25660467122947406,0.7864116560216937,1.0261580254914329
hirsh_qcm5a_min,Kernel/Neighbors,SVR_RBF,0.9072440769741985,0.2611149615709544,0.36362783632307283,0.9139773303220485,0.24754146067400448,0.3490686050325183
hirsh_qcm5a_min,Kernel/Neighbors,SVR_Poly3,0.4812799354133679,0.6820422354357015,0.8599096440451561,0.46528860698688757,0.6754073368743884,0.8702901155497662
hirsh_qcm5a_min,Kernel/Neighbors,"KernelRidge(RBF,alpha=1e-1)",0.9288531209735664,0.23791533650218535,0.3184668431872589,0.9322488938700177,0.23024792607990907,0.30978652797325734
hirsh_qcm5a_min,Kernel/Neighbors,"kNN(k=5,dist)",0.9137882283387374,0.25615285455517833,0.35056582865470726,1.0,0.0,0.0
hirsh_qcm5a_min,Tree Ensembles,RandomForest,0.9911792271815153,0.07703737401587808,0.11213459387223028,0.9987979775315223,0.028408702585277848,0.041262983383737115
hirsh_qcm5a_min,Tree Ensembles,GradientBoosting,0.9649790268769315,0.17168386063488023,0.2234345866846675,0.9686013199897187,0.16155488340828508,0.21089196218108325
hirsh_qcm5a_min,Tree Ensembles,DecisionTree,0.9858433270053583,0.09098941018222749,0.14205839258478267,1.0,0.0,0.0
hirsh_qcm5a_min,Tree Ensembles,ExtraTrees,0.9924885377801494,0.06945432551890447,0.10347812234657316,1.0,2.1007637985000825e-14,2.5720359489990193e-14
hirsh_qcm5a_min,Tree Ensembles,HistGradientBoosting,0.9899902117010809,0.08284599194427293,0.11945346236038841,0.9930935906798408,0.07030918201031584,0.098907787968067
hirsh_qcm5a_min,Neural,MLP(100),0.9405254206707573,0.21816447743662512,0.2911735929565843,0.942447765976401,0.21269402719120442,0.2855192705362728
hirsh_qcm5a_min,Gaussian Process,GPR_C*(RBF+White)_fixed,0.9447914749734425,0.20716872260489266,0.2805364960677045,0.9509043816541537,0.1877181981990115,0.26370945382778693
hirsh_qcm5h_min,Linear/Regularized,Linear Regression,0.29170617084075956,0.8080169583649853,1.0048310002552339,0.2987411077906236,0.7979885375869409,0.9966519545943898
hirsh_qcm5h_min,Linear/Regularized,RidgeCV,0.2917539391077457,0.8081384907659352,1.0047971161221052,0.2987387423587933,0.7981154510371293,0.9966536355073132
hirsh_qcm5h_min,Linear/Regularized,LassoCV,0.2917064120907037,0.8080177758271563,1.0048308291289065,0.2987411076781308,0.7979892888505864,0.996651954674329
hirsh_qcm5h_min,Linear/Regularized,ElasticNetCV,0.2917292432137616,0.8080751258047316,1.0048146341487598,0.29874056503839785,0.7980486620754931,0.9966523402828765
hirsh_qcm5h_min,Linear/Regularized,BayesianRidge,0.2918422141120671,0.8084192687131034,1.0047344957711724,0.29871649330376004,0.7984120740644877,0.9966694458957113
hirsh_qcm5h_min,Kernel/Neighbors,LinearSVR,0.26148457183270346,0.7952431002557687,1.0260442296499184,0.2661993690485056,0.7844319450059056,1.019514419464611
hirsh_qcm5h_min,Kernel/Neighbors,SVR_RBF,0.9512245721355953,0.18856984431700163,0.2636858589694209,0.9536161955304684,0.18275474387378263,0.25632296363144447
hirsh_qcm5h_min,Kernel/Neighbors,SVR_Poly3,0.5311028229663609,0.6311269234921035,0.8175702975591846,0.490426811502208,0.6326235759553271,0.8495865273428265
hirsh_qcm5h_min,Kernel/Neighbors,"KernelRidge(RBF,alpha=1e-1)",0.9628550868705137,0.1729562987265368,0.23011025280574285,0.9651281906958185,0.16759134939401563,0.2222498992180427
hirsh_qcm5h_min,Kernel/Neighbors,"kNN(k=5,dist)",0.9458127682274783,0.20345425379876247,0.2779295847678735,1.0,0.0,0.0
hirsh_qcm5h_min,Tree Ensembles,RandomForest,0.9931107571579034,0.06899023027160162,0.09909963225498503,0.9990150385696248,0.025421855338665575,0.037352007180920056
hirsh_qcm5h_min,Tree Ensembles,GradientBoosting,0.9702752769196623,0.15326923068934303,0.20584731411948679,0.9738972095368414,0.14470821657302035,0.1922860600162738
hirsh_qcm5h_min,Tree Ensembles,DecisionTree,0.9883085493222011,0.08769924652016214,0.12909829214539015,1.0,0.0,0.0
hirsh_qcm5h_min,Tree Ensembles,ExtraTrees,0.9936498788910793,0.06430447279752696,0.09514310053252714,1.0,2.1007637985000825e-14,2.5720359489990193e-14
hirsh_qcm5h_min,Tree Ensembles,HistGradientBoosting,0.9911940944197101,0.07903897361068814,0.11204005369852278,0.9936482807172203,0.06672658465861198,0.09485276169671522
hirsh_qcm5h_min,Neural,MLP(100),0.9654616317798619,0.16879029466910883,0.22188973101654655,0.967664733167965,0.16376154575617427,0.2140141835688822
hirsh_qcm5h_min,Gaussian Process,GPR_C*(RBF+White)_fixed,0.9759328930571085,0.14289552544510423,0.1852244184641617,0.980985201904429,0.1243769908600043,0.16411572336777508
homo_boltz,Linear/Regularized,Linear Regression,0.2940819118459962,0.8073670241236774,1.0031443955842372,0.30180557822473575,0.7969365728092408,0.9944719077645136
homo_boltz,Linear/Regularized,RidgeCV,0.2941242704677559,0.8074917383496966,1.0031142982881163,0.3018032348752636,0.7970605859273145,0.9944735766358136
homo_boltz,Linear/Regularized,LassoCV,0.2940853098106859,0.8073801927947437,1.0031419812436826,0.3018055491345011,0.7969487223170705,0.9944719284818238
homo_boltz,Linear/Regularized,ElasticNetCV,0.2941024211120613,0.807425507025814,1.0031298231394365,0.30180504033136835,0.796995488473306,0.9944722908381414
homo_boltz,Linear/Regularized,BayesianRidge,0.2942007569448788,0.8077948844930597,1.0030599496583636,0.3017811910743744,0.7973449934620946,0.9944892755086657
homo_boltz,Kernel/Neighbors,LinearSVR,0.267074720971062,0.7935513349460555,1.0221535623670073,0.27139327440429717,0.7830261265113078,1.0158999058148739
homo_boltz,Kernel/Neighbors,SVR_RBF,0.960472851624043,0.1786681078802737,0.23737448637869665,0.9633757670600094,0.17112225894485866,0.2277658458717813
homo_boltz,Kernel/Neighbors,SVR_Poly3,0.543414592039271,0.62973813586419,0.8067654848895838,0.5040004225319792,0.6323895312861283,0.8381948447744313
homo_boltz,Kernel/Neighbors,"KernelRidge(RBF,alpha=1e-1)",0.9670735780257836,0.16403955374008933,0.2166499363999262,0.9706716579989787,0.15567431201459903,0.20382060584234835
homo_boltz,Kernel/Neighbors,"kNN(k=5,dist)",0.9496133455541562,0.19936725413349407,0.26800571657063355,1.0,0.0,0.0
homo_boltz,Tree Ensembles,RandomForest,0.9931209778927899,0.06808767992928791,0.09902609391127405,0.9990148151152487,0.025280470489514244,0.03735624389307607
homo_boltz,Tree Ensembles,GradientBoosting,0.9715695590807404,0.15117077973139048,0.20131590770314806,0.9749921773660976,0.1427879387321184,0.1882098169910821
homo_boltz,Tree Ensembles,DecisionTree,0.9889334810292122,0.08614324485766328,0.1256006284633531,1.0,0.0,0.0
homo_boltz,Tree Ensembles,ExtraTrees,0.9938398929475807,0.06304974287835685,0.09370881064171407,1.0,2.1007637985000825e-14,2.5720359489990193e-14
homo_boltz,Tree Ensembles,HistGradientBoosting,0.9914511894476199,0.07826573329399175,0.11039239166936436,0.9938349948967836,0.0661642967890765,0.09344822409206734
homo_boltz,Neural,MLP(100),0.9673733964288066,0.16376849995884823,0.21566130511398424,0.9696272167788956,0.15658556079252392,0.20741808839419462
homo_boltz,Gaussian Process,GPR_C*(RBF+White)_fixed,0.9755568229176383,0.141715402721616,0.18666595781893902,0.9833186973649893,0.1148365500600429,0.1537160843023017
lumo_boltz,Linear/Regularized,Linear Regression,0.2993213613188457,0.8076308668868691,0.9994147041188425,0.30402727009384256,0.7985648030955143,0.9928884157601519
lumo_boltz,Linear/Regularized,RidgeCV,0.29937442931283276,0.807739550921462,0.9993768565701614,0.3040248308336303,0.7986849371854624,0.9928901557069785
lumo_boltz,Linear/Regularized,LassoCV,0.2993216319774462,0.8076315842143228,0.9994145110915427,0.30402726998117435,0.7985655033446095,0.9928884158405191
lumo_boltz,Linear/Regularized,ElasticNetCV,0.2993362309661165,0.8076607007227766,0.9994040993835531,0.3040270852996708,0.7985972592203779,0.9928885475756472
lumo_boltz,Linear/Regularized,BayesianRidge,0.2994691412384155,0.8079863666313607,0.9993093054348005,0.3040037585338816,0.798952837757896,0.9929051866459677
lumo_boltz,Kernel/Neighbors,LinearSVR,0.26938821830125637,0.7944918027943068,1.0205390604154656,0.2726221648446949,0.7841355612377782,1.0150428203028112
lumo_boltz,Kernel/Neighbors,SVR_RBF,0.9471923709955472,0.1961773883182283,0.2743687409748144,0.9494722165854789,0.1892230362980964,0.26752813102210465
lumo_boltz,Kernel/Neighbors,SVR_Poly3,0.5430830264619619,0.6171461620972949,0.8070583623160876,0.5023624416685208,0.6200084453703744,0.8395777244644291
lumo_boltz,Kernel/Neighbors,"KernelRidge(RBF,alpha=1e-1)",0.9555414776388328,0.18816748033944677,0.25174671264658444,0.9576685099548576,0.18116367974922706,0.2448702981348407
lumo_boltz,Kernel/Neighbors,"kNN(k=5,dist)",0.940445828229352,0.21189495580550682,0.2913683607797926,1.0,0.0,0.0
lumo_boltz,Tree Ensembles,RandomForest,0.9929981486553389,0.06951523755411232,0.09990626866473692,0.9989641269868763,0.02604180425350869,0.038305187418687846
lumo_boltz,Tree Ensembles,GradientBoosting,0.9723177884056975,0.14757980451256222,0.19864913944449078,0.975584025459671,0.13833297157472157,0.18596934603630086
lumo_boltz,Tree Ensembles,DecisionTree,0.9886495468867336,0.08673119317739461,0.12720169415383187,1.0,0.0,0.0
lumo_boltz,Tree Ensembles,ExtraTrees,0.9933221962007546,0.06486131435218627,0.09756703864676933,1.0,2.1007637985000825e-14,2.5720359489990193e-14
lumo_boltz,Tree Ensembles,HistGradientBoosting,0.9918022061622297,0.07595329888316839,0.10810226465796506,0.9938953715727417,0.0650877688862088,0.09298950791902981
lumo_boltz,Neural,MLP(100),0.9467906252338976,0.2013337593038421,0.27541042407505095,0.9478042213820775,0.19795106948015367,0.27190802311877227
lumo_boltz,Gaussian Process,GPR_C*(RBF+White)_fixed,0.9672084052584226,0.16617671830938646,0.21620591191100227,0.972938034079628,0.1458241369375822,0.19578706839747637
nbo_boltz,Linear/Regularized,Linear Regression,0.30668336888162095,0.8053307890101971,0.9941504308970485,0.31392114311871044,0.7944770588096555,0.9858057569370846
nbo_boltz,Linear/Regularized,RidgeCV,0.30674646775892367,0.8054315963498487,0.9941051909586343,0.3139187015025062,0.7946074486326195,0.985807511077403
nbo_boltz,Linear/Regularized,LassoCV,0.30668372890322637,0.8053314120784997,0.9941501727785609,0.3139211430063582,0.7944778149059383,0.9858057570178024
nbo_boltz,Linear/Regularized,ElasticNetCV,0.3067138633674208,0.8053781045951371,0.994128567553378,0.31392058398874656,0.7945387984956379,0.9858061586353876
nbo_boltz,Linear/Regularized,BayesianRidge,0.3068584814650209,0.8056518682877136,0.9940248755329589,0.31389875857768035,0.7948806969575515,0.9858218386376087
nbo_boltz,Kernel/Neighbors,LinearSVR,0.2764783115717617,0.7928203419462014,1.0155751675254645,0.282730801760505,0.7808977921590204,1.0079649318305923
nbo_boltz,Kernel/Neighbors,SVR_RBF,0.9663104294819467,0.1642870966108535,0.21914624487748544,0.9691149453798285,0.15634228471315534,0.2091599450328973
nbo_boltz,Kernel/Neighbors,SVR_Poly3,0.5677920627392435,0.6035832835475985,0.7849331394501146,0.5298433116937463,0.6065772444752506,0.8160666715497019
nbo_boltz,Kernel/Neighbors,"KernelRidge(RBF,alpha=1e-1)",0.9684706592086532,0.16067200588021624,0.21200384687205887,0.9719050356271802,0.15086727892284646,0.1994888262381258
nbo_boltz,Kernel/Neighbors,"kNN(k=5,dist)",0.9604447012860713,0.17760466146075035,0.23745899769550752,1.0,0.0,0.0
nbo_boltz,Tree Ensembles,RandomForest,0.9930693954909224,0.06852887834651215,0.09939667448394214,0.9990301356593799,0.025046276023976573,0.03706464356391253
nbo_boltz,Tree Ensembles,GradientBoosting,0.9714498499357648,0.15049121816680436,0.2017392926296333,0.9751012948768122,0.14156414574224765,0.18779875685061473
nbo_boltz,Tree Ensembles,DecisionTree,0.987738151468547,0.08802570292742905,0.13220998914626608,1.0,0.0,0.0
nbo_boltz,Tree Ensembles,ExtraTrees,0.9934380419236777,0.0649728553143664,0.09671704560302108,1.0,2.1007637985000825e-14,2.5720359489990193e-14
nbo_boltz,Tree Ensembles,HistGradientBoosting,0.9917767347369322,0.07592614058971658,0.10827007707555013,0.993869004995441,0.06540229255246263,0.09319010762492935
nbo_boltz,Neural,MLP(100),0.9701903800474978,0.15336185908719874,0.20614106509382266,0.9720950047939643,0.14756029455363556,0.19881324244868107
nbo_boltz,Gaussian Process,GPR_C*(RBF+White)_fixed,0.9787472696087184,0.12786426169852627,0.17405786914131935,0.984380860172044,0.10778410851520756,0.14874175061357167
hirsh_qa_boltz,Linear/Regularized,Linear Regression,0.28045043829306204,0.8130791929835439,1.0127835821307594,0.2885912887186567,0.798840444495736,1.0038386699594595
hirsh_qa_boltz,Linear/Regularized,RidgeCV,0.28049790148542997,0.8131589450254494,1.012750178778668,0.28858915991861767,0.7989550339330075,1.0038401718880747
hirsh_qa_boltz,Linear/Regularized,LassoCV,0.28045067325730644,0.8130797802602844,1.0127834167717895,0.28859128860725025,0.7988411520328625,1.00383867003806
hirsh_qa_boltz,Linear/Regularized,ElasticNetCV,0.2804732838787144,0.8131175787613475,1.0127675041432507,0.28859079741321547,0.7988947339431208,1.0038390165895386
hirsh_qa_boltz,Linear/Regularized,BayesianRidge,0.2806011868721757,0.8133754610370081,1.0126774854200777,0.2885632727518257,0.7992629646759981,1.0038584358363443
hirsh_qa_boltz,Kernel/Neighbors,LinearSVR,0.2518198587167362,0.8004317087305926,1.0327361619075761,0.2579235318856705,0.78658583293757,1.0252473658614754
hirsh_qa_boltz,Kernel/Neighbors,SVR_RBF,0.9167313833060732,0.23125494255148693,0.3445299419982303,0.9163465120282736,0.22829057094259908,0.3442281311721477
hirsh_qa_boltz,Kernel/Neighbors,SVR_Poly3,0.5043574485351844,0.6623829800253015,0.8405636169634683,0.47381266361970664,0.661780354545294,0.8633254189714741
hirsh_qa_boltz,Kernel/Neighbors,"KernelRidge(RBF,alpha=1e-1)",0.9309373983591531,0.22753202955554866,0.3137673597674556,0.9340035288392003,0.2196121609854253,0.3057487494231616
hirsh_qa_boltz,Kernel/Neighbors,"kNN(k=5,dist)",0.9371264966977183,0.21468562311411682,0.29937816766441744,1.0,0.0,0.0
hirsh_qa_boltz,Tree Ensembles,RandomForest,0.9924262501618508,0.07170018011982815,0.10390627460478973,0.9988129847351753,0.027069753401535557,0.04100459097645428
hirsh_qa_boltz,Tree Ensembles,GradientBoosting,0.9611786833271699,0.17524938214157837,0.23524555521526175,0.9642824364596967,0.16705172050699135,0.22492889264319155
hirsh_qa_boltz,Tree Ensembles,DecisionTree,0.9884900532982233,0.0876384687704749,0.12809227891459773,1.0,0.0,0.0
hirsh_qa_boltz,Tree Ensembles,ExtraTrees,0.9930753260697087,0.06565735676851206,0.09935413808123046,1.0,2.1007637985000825e-14,2.5720359489990193e-14
hirsh_qa_boltz,Tree Ensembles,HistGradientBoosting,0.9915226855767607,0.0771539060023669,0.10992980099171594,0.9935982351237606,0.06696542090226318,0.09522570394992316
hirsh_qa_boltz,Neural,MLP(100),0.9475753887696169,0.19788571223674328,0.27337192144665723,0.9493535905923457,0.19309618561596184,0.26784198988443836
hirsh_qa_boltz,Gaussian Process,GPR_C*(RBF+White)_fixed,0.9635960764948323,0.16417157359819814,0.22780350013750225,0.971422965379628,0.13908043986829163,0.20119302138845646
hirsh_qh_boltz,Linear/Regularized,Linear Regression,0.28517575751980473,0.8076344396760746,1.0094526033347342,0.29653383071334327,0.7953490311093504,0.9982192492625978
hirsh_qh_boltz,Linear/Regularized,RidgeCV,0.2852223578757416,0.8077774914077807,1.009419699010489,0.2965315484446771,0.7954864496274391,0.9982208685321279
hirsh_qh_boltz,Linear/Regularized,LassoCV,0.2851799619256896,0.8076500424660931,1.009449634664637,0.2965338016521306,0.7953629252784506,0.9982192698815435
hirsh_qh_boltz,Linear/Regularized,ElasticNetCV,0.28519837246968927,0.8077029339292159,1.0094366351433663,0.29653330604013706,0.7954142868703044,0.9982196215184497
hirsh_qh_boltz,Linear/Regularized,BayesianRidge,0.2853126520095166,0.808128983202303,1.009355939632323,0.29650832743751987,0.7958170182263512,0.998237343686485
hirsh_qh_boltz,Kernel/Neighbors,LinearSVR,0.2618165244145291,0.7945861570996117,1.0258136073093074,0.2688161934281166,0.7834057454017913,1.017694938236873
hirsh_qh_boltz,Kernel/Neighbors,SVR_RBF,0.9126810451082553,0.24534305603818946,0.35280973545600064,0.9241013052785504,0.22729300254898002,0.32788495212895696
hirsh_qh_boltz,Kernel/Neighbors,SVR_Poly3,0.5302416370372465,0.6479077290349449,0.8183207361259479,0.5021693681988706,0.6440917100362641,0.839740578394692
hirsh_qh_boltz,Kernel/Neighbors,"KernelRidge(RBF,alpha=1e-1)",0.9265450774168174,0.23489090426447273,0.32359123440747983,0.9376006535116301,0.21521637572030355,0.29729961912370495
hirsh_qh_boltz,Kernel/Neighbors,"kNN(k=5,dist)",0.9167525713139809,0.24346000472630502,0.34448610574961525,1.0,0.0,0.0
hirsh_qh_boltz,Tree Ensembles,RandomForest,0.9891487578249248,0.08175460194124672,0.12437297537351544,0.9986740924930118,0.028863310426675778,0.043337209841224356
hirsh_qh_boltz,Tree Ensembles,GradientBoosting,0.9563204667128138,0.18575007854179879,0.24953145026548923,0.9626427405533711,0.17288220190052964,0.2300338967849693
hirsh_qh_boltz,Tree Ensembles,DecisionTree,0.9840373492701079,0.09640207665635578,0.15084773780420754,1.0,0.0,0.0
hirsh_qh_boltz,Tree Ensembles,ExtraTrees,0.9928968917640341,0.06712859680741702,0.10062607019055249,1.0,2.1007637985000825e-14,2.5720359489990193e-14
hirsh_qh_boltz,Tree Ensembles,HistGradientBoosting,0.9887996954819239,0.08938018649040197,0.1263575542909218,0.9925376663702775,0.07325508715587704,0.10281149232777996
hirsh_qh_boltz,Neural,MLP(100),0.9287048592327395,0.2304351890855185,0.31879849424789314,0.9363839278719807,0.21646307372503232,0.3001841501332898
hirsh_qh_boltz,Gaussian Process,GPR_C*(RBF+White)_fixed,0.9457071308921842,0.19521120898205754,0.27820036299913425,0.9596523476987451,0.16205197795117102,0.23906360650461317
hirsh_qcm5a_boltz,Linear/Regularized,Linear Regression,0.2687113143031312,0.8124255523256477,1.021011710224366,0.2823785898511726,0.7963930014300403,1.0082123798475506
hirsh_qcm5a_boltz,Linear/Regularized,RidgeCV,0.2687516750101776,0.8125310290586344,1.0209835344000033,0.2823764965709309,0.7965170875964676,1.0082138503091933
hirsh_qcm5a_boltz,Linear/Regularized,LassoCV,0.26871348191068267,0.8124328523962298,1.0210101970364989,0.2823785803267942,0.7964006984420237,1.0082123865381232
hirsh_qcm5a_boltz,Linear/Regularized,ElasticNetCV,0.26874475192685954,0.8125132662189172,1.0209883674622504,0.2823771329751176,0.7964958491033086,1.0082134032560695
hirsh_qcm5a_boltz,Linear/Regularized,BayesianRidge,0.268839678323593,0.8128296406034333,1.0209220965584747,0.2823493740777717,0.796867453769478,1.0082329027891876
hirsh_qcm5a_boltz,Kernel/Neighbors,LinearSVR,0.2514285480567058,0.7998149908650765,1.0330061957003844,0.25822110984356206,0.7863569359901257,1.0250417794949551
hirsh_qcm5a_boltz,Kernel/Neighbors,SVR_RBF,0.8943650479808309,0.2701437801022999,0.3880521694398845,0.9008047262831367,0.2578426108406711,0.3748433600910593
hirsh_qcm5a_boltz,Kernel/Neighbors,SVR_Poly3,0.4817915835520945,0.6817256395792489,0.8594854463461964,0.4650003032535619,0.6747266792066503,0.8705247038537396
hirsh_qcm5a_boltz,Kernel/Neighbors,"KernelRidge(RBF,alpha=1e-1)",0.9178665915796367,0.2525721281528829,0.3421733793388992,0.9207695673813662,0.24515124097668545,0.3350042724486725
hirsh_qcm5a_boltz,Kernel/Neighbors,"kNN(k=5,dist)",0.8984168150919123,0.2702755472081439,0.3805372790762108,1.0,0.0,0.0
hirsh_qcm5a_boltz,Tree Ensembles,RandomForest,0.9910460529742918,0.0773451430386821,0.11297791519958694,0.9987996761214291,0.02828411566338769,0.04123381851066926
hirsh_qcm5a_boltz,Tree Ensembles,GradientBoosting,0.9638448338830145,0.17455842380198494,0.2270238459568,0.9684045583438536,0.16172113361081425,0.21155171354723717
hirsh_qcm5a_boltz,Tree Ensembles,DecisionTree,0.9857387850561742,0.09129245833468805,0.1425819529083909,1.0,0.0,0.0
hirsh_qcm5a_boltz,Tree Ensembles,ExtraTrees,0.9920436393147695,0.06977723976843085,0.10649850895349906,1.0,2.1007637985000825e-14,2.5720359489990193e-14
hirsh_qcm5a_boltz,Tree Ensembles,HistGradientBoosting,0.9899275711876323,0.08264471850338016,0.11982664489175777,0.9932109069540433,0.06984543280835909,0.09806413741382328
hirsh_qcm5a_boltz,Neural,MLP(100),0.9340567493469779,0.22633680113493,0.30659952093119863,0.9357140280185854,0.22322323257430862,0.30176053393520635
hirsh_qcm5a_boltz,Gaussian Process,GPR_C*(RBF+White)_fixed,0.9342061733484882,0.2199214066807158,0.30625195458491783,0.9402172457928378,0.2019145105755345,0.2909995328332791
hirsh_qcm5h_boltz,Linear/Regularized,Linear Regression,0.29177718246276163,0.8080362685350022,1.0047806281746263,0.2990216750548983,0.7979081255655884,0.9964525589858777
hirsh_qcm5h_boltz,Linear/Regularized,RidgeCV,0.2918253809615666,0.8081596704363426,1.0047464371398986,0.29901930462902326,0.7980338840743156,0.996454243784714
hirsh_qcm5h_boltz,Linear/Regularized,LassoCV,0.29177742826556297,0.8080370988434814,1.00478045381007,0.29902167494239706,0.7979088699967368,0.996452559065839
hirsh_qcm5h_boltz,Linear/Regularized,ElasticNetCV,0.2918004689858652,0.8080953335113891,1.0047641093340387,0.299021131221781,0.7979673964092905,0.9964529455197955
hirsh_qcm5h_boltz,Linear/Regularized,BayesianRidge,0.29191430510064964,0.8084362299068156,1.0046833531105845,0.29899712929011113,0.798325651673679,0.9964700049433016
hirsh_qcm5h_boltz,Kernel/Neighbors,LinearSVR,0.26291091349895956,0.7946482445441505,1.0250529186385893,0.2672219858962137,0.7843564298917564,1.0188037795028049
hirsh_qcm5h_boltz,Kernel/Neighbors,SVR_RBF,0.9506860881343321,0.1863274637604773,0.26513741843898414,0.9531229054051479,0.1805439602206312,0.25768235176974735
hirsh_qcm5h_boltz,Kernel/Neighbors,SVR_Poly3,0.5312534213680997,0.6307861965662156,0.817438995139471,0.49078372690479233,0.6319742830606222,0.8492889414021924
hirsh_qcm5h_boltz,Kernel/Neighbors,"KernelRidge(RBF,alpha=1e-1)",0.9606284939282937,0.17459651591961933,0.236906681913409,0.9631465836196642,0.16852102159786944,0.22847737956485223
hirsh_qcm5h_boltz,Kernel/Neighbors,"kNN(k=5,dist)",0.9436673020365871,0.20740304555545955,0.28337828774280105,1.0,0.0,0.0
hirsh_qcm5h_boltz,Tree Ensembles,RandomForest,0.9932254721630741,0.06801120975566838,0.09827109875766224,0.9990345548098792,0.02508788603727859,0.03698010532587781
hirsh_qcm5h_boltz,Tree Ensembles,GradientBoosting,0.9707256881375741,0.15319478738728512,0.2042817847957798,0.9743610220218606,0.14355079236059456,0.19057006707338783
hirsh_qcm5h_boltz,Tree Ensembles,DecisionTree,0.9888910118428145,0.08619424323736129,0.1258414019479844,1.0,0.0,0.0
hirsh_qcm5h_boltz,Tree Ensembles,ExtraTrees,0.9936249950112672,0.0642156329611522,0.09532933435339151,1.0,2.1007637985000825e-14,2.5720359489990193e-14
hirsh_qcm5h_boltz,Tree Ensembles,HistGradientBoosting,0.9914850391166906,0.07786287573890781,0.11017362133709445,0.9937774022650436,0.06602335685130736,0.09388369966150281
hirsh_qcm5h_boltz,Neural,MLP(100),0.9621262463986192,0.17289750556763145,0.23235684493211406,0.9642414000397044,0.16843867899394893,0.22505806756324476
hirsh_qcm5h_boltz,Gaussian Process,GPR_C*(RBF+White)_fixed,0.9741660914546784,0.14733116698599902,0.19190281921936533,0.9797635780428132,0.12550562935811924,0.16930555017968663
dg_nh3,Linear/Regularized,Linear Regression,0.26693615602528353,0.81302814925578,1.0222501806467708,0.2810537855438552,0.7956375595040895,1.0091425835732175
dg_nh3,Linear/Regularized,RidgeCV,0.2669770447633135,0.8131344205954442,1.022221670781596,0.2810517598496144,0.7957596903903386,1.009144005246243
dg_nh3,Linear/Regularized,LassoCV,0.2669991039892202,0.8132542167955256,1.0222062895522284,0.2810463660404723,0.7958747257257629,1.0091477907203898
dg_nh3,Linear/Regularized,ElasticNetCV,0.2669988083574578,0.8132504551935936,1.0222064956888226,0.28104656548474516,0.7958714989436456,1.0091476507469954
dg_nh3,Linear/Regularized,BayesianRidge,0.26707041420050914,0.8134536616116127,1.0221565655206177,0.2810236989591136,0.7961209337964646,1.009163698738447
dg_nh3,Kernel/Neighbors,LinearSVR,0.24730104074072112,0.8005586012186002,1.035850199011842,0.2559464827853307,0.7857304781570781,1.0266121956324128
dg_nh3,Kernel/Neighbors,SVR_RBF,0.9104497266745644,0.2480877293341621,0.3572890891040797,0.9169231795980102,0.23690073115373866,0.3430396064068534
dg_nh3,Kernel/Neighbors,SVR_Poly3,0.5027813876603437,0.6672030643529206,0.8418989824926494,0.47794199671697235,0.666649864092377,0.8599312096348941
dg_nh3,Kernel/Neighbors,"KernelRidge(RBF,alpha=1e-1)",0.9229620705908838,0.2403490633980998,0.33138938784453675,0.9289252897989627,0.2276680175243812,0.3172940155206766
dg_nh3,Kernel/Neighbors,"kNN(k=5,dist)",0.9241399822880942,0.23556095884611788,0.3288461532201678,1.0,0.0,0.0
dg_nh3,Tree Ensembles,RandomForest,0.9846244168951646,0.08404679213721895,0.14804784615948702,0.9985275045326366,0.029956270786056918,0.0456700319541023
dg_nh3,Tree Ensembles,GradientBoosting,0.9440969430817221,0.21229766316162105,0.2822955775080587,0.9522110202355725,0.19525400894812417,0.26017658660415754
dg_nh3,Tree Ensembles,DecisionTree,0.9882598684989804,0.08576925473816653,0.12936678246941832,1.0,0.0,0.0
dg_nh3,Tree Ensembles,ExtraTrees,0.9847963719157939,0.07278201241824035,0.14721766143836276,1.0,2.1007637985000825e-14,2.5720359489990193e-14
dg_nh3,Tree Ensembles,HistGradientBoosting,0.9883467441952385,0.08925716054718233,0.12888724362811546,0.9919512217521743,0.07670340819358465,0.10677493440781544
dg_nh3,Neural,MLP(100),0.911879637881145,0.24720106732913613,0.35442506903683263,0.9189244388821677,0.23818951223140394,0.3388826337362843
dg_nh3,Gaussian Process,GPR_C*(RBF+White)_fixed,0.9525507521729495,0.17657139274985378,0.26007641030985246,0.9636266499984474,0.15145436515195843,0.2269843856736725
dg_ch3,Linear/Regularized,Linear Regression,0.30116843681401184,0.8058821248016517,0.9980965444939978,0.3063170822385156,0.7974985646217896,0.9912537245108977
dg_ch3,Linear/Regularized,RidgeCV,0.30122175254432126,0.8060041559060117,0.9980584700394401,0.3063146351996059,0.797628921721873,0.9912554728848535
dg_ch3,Linear/Regularized,LassoCV,0.30116871229898057,0.8058829389508687,0.9980963477651744,0.30631708212591324,0.7974993264917649,0.9912537245913505
dg_ch3,Linear/Regularized,ElasticNetCV,0.3011941727064755,0.805940505232469,0.9980781658580088,0.30631652185651204,0.7975600122798391,0.9912541248960173
dg_ch3,Linear/Regularized,BayesianRidge,0.301315807889295,0.8062615823609589,0.9979912985919397,0.3062939213909033,0.7979094650690377,0.9912702724784487
dg_ch3,Kernel/Neighbors,LinearSVR,0.2703666152601434,0.7934823227425619,1.019855505315276,0.2745613881879865,0.7831506813400386,1.0136888414308431
dg_ch3,Kernel/Neighbors,SVR_RBF,0.9683563637516146,0.15427028392356076,0.21238776159969422,0.9707903887009658,0.1496886753735153,0.20340762127186404
dg_ch3,Kernel/Neighbors,SVR_Poly3,0.5489607761062536,0.615924284771109,0.8018505873634095,0.5065855133277272,0.6192329327293937,0.8360077053625149
dg_ch3,Kernel/Neighbors,"KernelRidge(RBF,alpha=1e-1)",0.9714165204393344,0.14859274547469162,0.20185701368887227,0.9743595654973211,0.14230766129091665,0.19057548004338637
dg_ch3,Kernel/Neighbors,"kNN(k=5,dist)",0.9574267918704894,0.1798346099093154,0.24635108820002863,1.0,0.0,0.0
dg_ch3,Tree Ensembles,RandomForest,0.9930014262333825,0.06855064969836577,0.09988288278395446,0.9989934352329088,0.02556254399288819,0.03775940954564118
dg_ch3,Tree Ensembles,GradientBoosting,0.969537981588449,0.15613575695948922,0.2083846064892729,0.9730912428731757,0.1478202966382618,0.19523206665538387
dg_ch3,Tree Ensembles,DecisionTree,0.9882813117068703,0.08679235215625287,0.12924858504311704,1.0,0.0,0.0
dg_ch3,Tree Ensembles,ExtraTrees,0.9935043386900798,0.0647358809614444,0.09622722951955771,1.0,2.1007637985000825e-14,2.5720359489990193e-14
dg_ch3,Tree Ensembles,HistGradientBoosting,0.991301954874805,0.07785027058189221,0.11135176986781908,0.993619230518797,0.0670842804721511,0.0950694233582073
dg_ch3,Neural,MLP(100),0.9718639869218332,0.14678213264180273,0.20027077324655293,0.9737867992548818,0.14175133264722792,0.19269229925157733
dg_ch3,Gaussian Process,GPR_C*(RBF+White)_fixed,0.9795657585956272,0.12766664377139372,0.1706732882764052,0.9847521669218606,0.1084061688116467,0.14696313125864288
dg_h2o,Linear/Regularized,Linear Regression,0.2907660871209625,0.8105878001211203,1.0054976106326856,0.2981869852815191,0.7967030984564258,0.99704564530763
dg_h2o,Linear/Regularized,RidgeCV,0.2908201398897684,0.8106722174516454,1.0054592939613616,0.29818477217233696,0.7968232655658294,0.997047217356799
dg_h2o,Linear/Regularized,LassoCV,0.290766380806074,0.8105883590880854,1.0054974024505168,0.2981869851698288,0.7967038489336898,0.9970456453869677
dg_h2o,Linear/Regularized,ElasticNetCV,0.29079217035150173,0.8106276159720082,1.0054791210577763,0.2981864756657455,0.7967602494144775,0.9970460073058296
dg_h2o,Linear/Regularized,BayesianRidge,0.29093171761087444,0.8108898896328868,1.005380194655227,0.29816102796186483,0.7971225366283159,0.9970640835473612
dg_h2o,Kernel/Neighbors,LinearSVR,0.2646027138973255,0.79779814933959,1.0238758688039438,0.26956121153332124,0.7850331979297481,1.0171763310256208
dg_h2o,Kernel/Neighbors,SVR_RBF,0.926975621802416,0.2050019551495647,0.3226415013202247,0.9251414572967921,0.20359206043448005,0.32563045519290057
dg_h2o,Kernel/Neighbors,SVR_Poly3,0.5271600581501299,0.6401144958194414,0.8210004093778012,0.4944999844497523,0.6398775965916631,0.8461842134586728
dg_h2o,Kernel/Neighbors,"KernelRidge(RBF,alpha=1e-1)",0.9329063479764006,0.20461726646479805,0.3092623217722379,0.9324092352184029,0.2028061763399573,0.30941973681840584
dg_h2o,Kernel/Neighbors,"kNN(k=5,dist)",0.9314938243739422,0.22589640582678322,0.3125008175394655,1.0,0.0,0.0
dg_h2o,Tree Ensembles,RandomForest,0.992064014524533,0.07145710461922923,0.1063620570910137,0.9987093776663737,0.0275559049683612,0.04275667456202205
dg_h2o,Tree Ensembles,GradientBoosting,0.9676896175233394,0.15770988840008904,0.2146136523591932,0.9705490986182403,0.1509020388694361,0.20424603194437788
dg_h2o,Tree Ensembles,DecisionTree,0.9883041959244487,0.08717858557324652,0.12912232525823328,1.0,0.0,0.0
dg_h2o,Tree Ensembles,ExtraTrees,0.9937055199507354,0.06338910345665569,0.09472535176803297,1.0,2.1007637985000825e-14,2.5720359489990193e-14
dg_h2o,Tree Ensembles,HistGradientBoosting,0.9917505883686757,0.0759625595368954,0.10844206609427959,0.9937515257415309,0.06575644521632329,0.09407870369915436
dg_h2o,Neural,MLP(100),0.9430736486416432,0.1902352450527344,0.2848675435062616,0.9419933974489711,0.18853305853886154,0.28664412629190905
dg_h2o,Gaussian Process,GPR_C*(RBF+White)_fixed,0.9509340653011089,0.17858682780398927,0.2644699507202581,0.961119243391602,0.15619328881744807,0.23467762584520122
lgK_hydration,Linear/Regularized,Linear Regression,0.2793858121452506,0.8132322689044246,1.013532548847965,0.2884571105051914,0.7987348545547132,1.0039333320901787
lgK_hydration,Linear/Regularized,RidgeCV,0.27943393010707973,0.8133094504397841,1.0134987097038926,0.2884549889275235,0.7988484907138732,1.0039348287820726
lgK_hydration,Linear/Regularized,LassoCV,0.27938606237226427,0.8132328192339774,1.0135323728777654,0.28845711039386757,0.7987355462961712,1.0039333321687134
lgK_hydration,Linear/Regularized,ElasticNetCV,0.27940901514851135,0.8132688856510013,1.013516231386596,0.2884566207824193,0.7987883874576279,1.0039336775710606
lgK_hydration,Linear/Regularized,BayesianRidge,0.27953948744048074,0.8135343832908078,1.0134244721398613,0.2884289814646691,0.799162864081985,1.003953175871001
lgK_hydration,Kernel/Neighbors,LinearSVR,0.25137383861256823,0.8009095354841324,1.033043943708302,0.2579976170773266,0.7865817985982577,1.0251961868073542
lgK_hydration,Kernel/Neighbors,SVR_RBF,0.9366353220066774,0.1958827844028254,0.30054528020661736,0.9397896091302872,0.1895246565815776,0.2920384639096797
lgK_hydration,Kernel/Neighbors,SVR_Poly3,0.5196365639373646,0.6538955478762063,0.8275062210164261,0.4891368529735295,0.6544079380705397,0.8506611901335766
lgK_hydration,Kernel/Neighbors,"KernelRidge(RBF,alpha=1e-1)",0.9459712119072355,0.19317463980222702,0.27752295370067553,0.950646087789012,0.18416195624526552,0.26440223643258814
lgK_hydration,Kernel/Neighbors,"kNN(k=5,dist)",0.9434322694695448,0.19836153150465827,0.2839688310914589,1.0,0.0,0.0
lgK_hydration,Tree Ensembles,RandomForest,0.9928979727943711,0.0693107524888074,0.10061841269962717,0.9989440143945189,0.02600029609386042,0.03867526795086273
lgK_hydration,Tree Ensembles,GradientBoosting,0.967933496797627,0.1602405918815763,0.21380216456906923,0.9720594878295594,0.14935115614064173,0.19893972513353558
lgK_hydration,Tree Ensembles,DecisionTree,0.9885116712356189,0.0870697222850431,0.12797193116735664,1.0,0.0,0.0
lgK_hydration,Tree Ensembles,ExtraTrees,0.9931771025708458,0.06566076393543241,0.09862129870066316,1.0,2.1007637985000825e-14,2.5720359489990193e-14
lgK_hydration,Tree Ensembles,HistGradientBoosting,0.9917868606589761,0.07636684871737268,0.10820339601683021,0.9939074254518531,0.06540697935047855,0.09289765645278401
lgK_hydration,Neural,MLP(100),0.9657175087436516,0.1595492671731145,0.22106626972060864,0.9693165369230782,0.15305277636803788,0.20847621780196587
lgK_hydration,Gaussian Process,GPR_C*(RBF+White)_fixed,0.972039935799734,0.14754949654104793,0.19964359341022303,0.9791172592815817,0.12480185377364764,0.17198797389041923
